Konsole,Spiel,Datum,Spielzeit,Erstes Mal,Sound,Grafik,Controls,Schwierigkeit,Spaß,Chat,Dennsen,Gesamt,Video Link,Genre
NES,Das Dschungelbuch ,16.02.2026,0h30m,JA,9,7,2,7,3,"4,10","5,11","4,93",https://youtu.be/JkL4KO7DWm0,Action
NES,"Ivan ""Ironman"" 
Stewart's Super Off Road",16.02.2026,0h30m,JA,2,3,5,2,5,"5,40","3,89","4,16",https://youtu.be/5ECWpHgCF30,Rennspiel
NES,Rescue: The Embassy Mission,16.02.2026,0h30m,JA,4,8,6,2,4,"5,90","5,11","5,25",https://youtu.be/-FxMRm6TMtM,Action
NES,Trojan,16.02.2026,0h37m,JA,2,5,8,6,8,"6,60","6,00","6,11",https://youtu.be/Jb-BfZF6SYg,Action
NES,Balloon Fight,17.02.2026,0h12m,NEIN,2,2,5,4,6,"4,00","4,11","4,09",https://youtu.be/zbafdWH-6Vg,Action
NES,"Double Dragon II 
The Revenge",17.02.2026,0h46m,NEIN,7,6,6,7,7,"6,90","6,67","6,71",https://youtu.be/_HgM7kPhvIo,Prügelspiel
NES,Lee Trevino's Fighting Golf,17.02.2026,0h16m,JA,3,5,3,4,3,"3,90","3,44","3,53",https://youtu.be/qgbeWWp2RVc,Sport
NES,MC Donaldland ,17.02.2026,0h25m,JA,8,2,4,3,5,"5,70","4,89","5,04",https://youtu.be/0g6kxzrC7R4,Action
NES,Metroid,17.02.2026,2h45m,NEIN,9,7,9,8,8,"8,10","8,11","8,11",https://youtu.be/Wnywtlt-xq4,Adventure
NES,Asterix,22.02.2026,0h25m,JA,5,7,7,3,7,"7,10","6,56","6,65",https://youtu.be/QcvaD9lGYLY,Jump & Run
NES,Robocop 3,22.02.2026,0h24m,JA,6,8,2,8,3,"2,90","4,67","4,35",https://youtu.be/foc1tEFVXs0,Action
NES,Castlevania,23.02.2026,1h20m,NEIN,10,6,5,6,8,"7,50","7,67","7,64",https://youtu.be/C9AFS9x_QXE,Action
NES,Bionic Commando,25.02.2026,0h22m,JA,6,6,7,6,5,"5,46","5,67","5,63",https://youtu.be/0Fij6S6HQrI,Action
NES,Captain Planet,25.02.2026,4h20m,JA,2,4,2,9,6,"5,03","4,22","4,37",https://youtu.be/4BaFDlyQbxI,Action
NES,Gunsmoke,25.02.2026,0h42m,JA,7,4,5,3,8,"6,98","6,56","6,63",https://youtu.be/9bp2vkr84iE,Shooter
NES,Roundball: 2 on 2 Challenge,25.02.2026,0h09m,JA,4,3,4,3,2,"2,59","2,89","2,83",https://youtu.be/MdM8EFugjhI,Sport
NES,Adventures in the Magic Kingdom,26.02.2026,0h19m,JA,4,6,5,4,3,"3,64","4,11","4,03",https://youtu.be/OLP71sRR4Ac,Action
NES,Ghosts N' Goblins,03.03.2026,0h18m,NEIN,7,3,2,10,5,"4,38","4,67","4,61",https://youtu.be/bt685jnkaIc,Action
NES,Total Recall,03.03.2026,1h05m,JA,5,5,8,5,7,"5,38","6,22","6,07",https://youtu.be/NkVZh_1bdJQ,Action
NES,World Champ,03.03.2026,0h19m,JA,6,6,7,2,7,"6,61","6,56","6,57",https://youtu.be/fWZnpmBXDvI,Sport
NES,Airwolf,04.03.2026,0h18m,JA,3,4,5,5,3,"3,63","3,44","3,48",https://youtu.be/qcOLTwXLyZ4,Shooter
NES,Bram Stockers Dracula,04.03.2026,0h25m,JA,8,5,6,5,7,"6,22","6,67","6,59",https://youtu.be/RcC7VzEmZ8A,Action
NES,Dragon's Lair,04.03.2026,0h20m,JA,4,8,2,9,4,"2,81","4,67","4,33",https://youtu.be/J8j1Ltd3HqU,Action
NES,Street Gangs ,04.03.2026,1h50m,JA,8,7,9,4,9,"8,22","8,33","8,31",https://youtu.be/RpTHYDPj77s,Prügelspiel
NES,Tecmo World Cup Soccer,08.03.2026,0h16m,JA,3,2,3,5,4,"4,35","3,22","3,43",https://youtu.be/QR6HuIAzdkY,Sport
NES,Turbo Racing ,08.03.2026,0h19m,JA,4,6,7,7,4,"6,09","4,78","5,02",https://youtu.be/1_hrYB2qv-c,Rennspiel
NES,Mario Bros.,10.03.2026,0h12m,NEIN,3,3,3,6,4,"5,88","3,44","3,89",https://youtu.be/nTBvY8DA8qQ,Action
NES,Skate or Die,11.03.2026,0h20m,JA,3,5,3,4,3,"3,55","3,44","3,46",https://youtu.be/5TDk5UjEjPU,Sport
NES,RoboWarrior,13.03.2026,0h48m,JA,6,7,7,7,7,"5,57","6,78","6,56",https://youtu.be/OO7uQlICOPg,Action
NES,Prince of Persia,15.03.2026,0h49m,NEIN,3,8,7,8,6,"5,55","5,89","5,83",https://youtu.be/PKXHT8jwccM,Jump & Run
NES,Super Mario Bros. 2,16.03.2026,0h26m,NEIN,9,7,10,6,9,"7,35","8,67","8,43",https://www.youtube.com/live/pftze2W1vTA?si=y1ShvBO8zPU7ZY6Y&t=17464,Jump & Run
NES,Pirates!,16.03.2026,0h19m,JA,2,4,5,5,5,"6,03","4,11","4,46",https://www.youtube.com/live/pftze2W1vTA?si=xWRnbimsFp7SJ96K&t=20498,Strategie
NES,Pinbot,19.03.2026,0h11m,JA,3,5,5,4,4,"5,12","4,11","4,29",https://www.youtube.com/live/yrr211L_MYA?si=UprBNWxW0yC5pwKP&t=17634,Sonstiges
NES,Super Spy Hunter,19.03.2026,0h52m,JA,7,9,8,9,7,"7,85","7,56","7,61",https://www.youtube.com/live/yrr211L_MYA?si=rmp_dRaRI3Yqy6u8&t=18640,Action
NES,P.O.W.: Prisoners of War,22.03.2026,0h18m,JA,8,8,6,7,5,"5,27","6,44","6,23",https://www.youtube.com/live/dw61uyWsgeY?si=msF9iJiG0gFs3ttt&t=16598,Action
NES,Jurassic Park,22.03.2026,0h22m,JA,6,7,2,6,7,"5,88","6,22","6,16",https://www.youtube.com/live/dw61uyWsgeY?si=GHHm1Htk8yB5oJw8&t=18247,Action
NES,Adventure of Lolo 2,22.03.2026,0h18m,NEIN,3,4,5,7,8,"7,44","5,67","5,99",https://www.youtube.com/live/dw61uyWsgeY?si=d3ZTrgjXvhm34deh&t=20067,Puzzle
NES,Boulder Dash,24.03.2026,0h25m,NEIN,8,6,7,8,7,"6,83","7,00","6,97",https://www.youtube.com/live/NQ39yIzG9qc?si=tNQqKeMX8JmK0_DP&t=12902,Puzzle
NES,Bubble Bobble,26.03.2026,0h11m,NEIN,7,4,6,6,5,"6,21","5,33","5,49",https://www.youtube.com/live/bbLP8pRoMHA?si=CW2RYwkQeihV-jXS&t=18083,Action
NES,Donkey Kong,26.03.2026,0h11m,NEIN,5,4,8,2,4,"5,82","4,67","4,88",https://www.youtube.com/live/bbLP8pRoMHA?si=cRnhRbzL5baLr5sL&t=19158,Jump & Run
NES,Mega Man 5,26.03.2026,0h40m,NEIN,10,9,10,5,10,"8,66","9,78","9,57",https://www.youtube.com/live/bbLP8pRoMHA?si=W3ZIyJk-IpfwIwlj&t=20218,Action
NES,R.C. Pro-Am,30.03.2026,0h04m,JA,1,3,7,5,3,"3,32","3,00","3,06",https://www.youtube.com/live/3H_HC7R0NcU?si=8LPs4I4ZSDmBBgC8&t=17227,Action
NES,Battletoads,30.03.2026,0h11m,JA,6,9,8,8,3,"5,12","5,56","5,48",https://www.youtube.com/live/3H_HC7R0NcU?si=f7z_gx2rmvw3meIH&t=17790,Prügelspiel
NES,Mach Rider,30.03.2026,0h06m,JA,2,4,2,8,1,"2,53","2,00","2,10",https://www.youtube.com/live/3H_HC7R0NcU?si=9Adly35F0USWI8Ql&t=18844,Rennspiel
NES,Noah’s Ark,05.04.2026,0h43m,JA,5,8,4,6,6,"5,58","6,00","5,92",https://www.youtube.com/live/Dt889zor-aw?si=Ul-4RbsCH3JmkUAR&t=21646,Action
NES,"Teenage Mutant Hero Turtles II
The Arcade Game 
",06.04.2026,1h21m,JA,6,8,8,4,7,"6,46","7,11","6,99",https://www.youtube.com/live/Xze4qX6pvJk?si=kb1wL2pBi7Nuxyqv,Prügelspiel
NES,Journey to Silius,10.04.2026,0h50m,JA,9,8,2,8,7,"6,70","7,11","7,04",,Action
NES,Metal Gear,10.04.2026,0h20m,NEIN,5,4,6,8,5,"4,04","4,89","4,73",https://www.youtube.com/live/I1KkqcJJ12U?si=5IvQaRSyY0UB8P-F&t=14235,Adventure
NES,Werewolf: The Last Warrior,13.04.2026,0h22m,JA,7,7,8,7,7,"4,58","7,11","6,65",https://www.youtube.com/live/j0Of6Yzz2g8?si=eVyniS9aA6eNINRq&t=7224,Action
NES,Attack of The Killer Tomatoes,03.05.2026,0h35m,JA,3,4,4,3,6,"5,56","4,67","4,83",https://www.youtube.com/live/V8X1qoe1Fxs?si=WX3aHlBRZLpVDpbt&t=20517,Action
NES,Top Gun: The Second Mission,03.05.2026,0h09m,JA,3,5,2,8,2,"2,84","2,89","2,88",https://www.youtube.com/live/V8X1qoe1Fxs?si=r6BNbgAaju2N6wA_&t=23351,Shooter
NES,Monopoly,03.05.2026,0h16m,JA,6,6,6,5,8,"7,05","6,89","6,92",https://www.youtube.com/live/V8X1qoe1Fxs?si=xHeWgjo4kR3DwNl-&t=24344,Strategie
NES,Alfred Chicken,05.05.2026,0h15m,JA,4,3,6,3,4,"4,72","4,00","4,13",https://www.youtube.com/live/CLF2jeSEzwQ?si=bPzHnOOYkd6XnsQW&t=16011,Jump & Run
NES,Swords and Serpents,05.05.2026,0h15m,JA,6,4,4,7,3,"4,38","4,00","4,07",https://www.youtube.com/live/CLF2jeSEzwQ?si=2dztglyk1Xc7DMJV&t=17414,RPG
NES,Robocop 2,05.05.2026,0h12m,JA,3,6,1,5,2,"2,69","3,00","2,94",https://www.youtube.com/live/CLF2jeSEzwQ?si=jIwjqATrATd6Usjf&t=18705,Action
NES,Captain America and the Avengers,05.05.2026,0h15m,JA,4,4,6,6,7,"5,95","5,56","5,63",https://www.youtube.com/live/CLF2jeSEzwQ?si=zY469ol57BuQvmiG&t=19948,Prügelspiel
NES,Dr. Mario,12.05.2026,0h15m,NEIN,6,5,5,5,10,"7,46","7,44","7,45",https://www.youtube.com/live/QvttihB6lLU?si=pPa3ZQw4c4Ks_sZJ&t=21220,Puzzle
NES,Tiny Toon Adventures,15.05.2026,0h14m,JA,8,8,9,7,6,"7,38","7,22","7,25",https://www.youtube.com/live/0BexWdJ3qns?si=DuhaocaIeeD4mast&t=16769,Jump & Run
NES,Pinball,15.05.2026,0h06m,JA,1,2,5,5,2,"2,82","2,11","2,24",https://www.youtube.com/live/0BexWdJ3qns?si=E7CxGa6xfhlVKYj2&t=17965,Sonstiges
NES,Probotector,15.05.2026,0h47m,NEIN,7,8,10,8,9,"8,32","8,44","8,42",https://www.youtube.com/live/0BexWdJ3qns?si=bKqa1hqexveMwIQm&t=18470,Action
NES,Yoshi’s Cookie,04.06.2026,0h13m,Nein,4,3,6,3,6,"4,12","4,89","4,75",https://www.youtube.com/live/hDTyBG6CUks?si=ahOj1TfZNF-dxM5p&t=16879,Puzzle
NES,Mega Man,04.06.2026,0h37m,NEIN,9,8,10,7,9,"7,97","8,89","8,72",https://www.youtube.com/live/hDTyBG6CUks?si=Rw2Ts3uZQgyZUaLq&t=18334,Action
NES,Mega Man 2,05.06.2026,1h00m,NEIN,10,8,9,3,10,"8,57","9,44","9,29",https://www.youtube.com/live/28X8rLGc7VM?si=j6E8Ti_h_nXREknL&t=9210,Action
NES,Jimmy Connors Tennis,05.06.2026,0h10m,JA,4,6,3,5,5,"5,05","4,78","4,83",https://www.youtube.com/live/28X8rLGc7VM?si=AwLKX9EsmZFFE-9M&t=13251,Sport
NES,Eliminator Boat Duel,05.06.2026,0h12m,JA,7,8,7,7,7,"6,86","7,22","7,16",https://www.youtube.com/live/28X8rLGc7VM?si=tFv2kv5voruJ4U_r&t=14092,Action
NES,Tiger-Heli,07.06.2026,0h22m,JA,6,4,7,4,7,"4,78","6,11","5,87",https://www.youtube.com/live/9k9HHcW3bos?si=EwA6Z_WjDuYAYHp6&t=22108,Shooter
NES,Mike Tyson’s Punch Out!!,09.06.2026,0h34m,NEIN,8,7,10,7,10,"7,08","8,89","8,56",https://www.youtube.com/live/MUn0_pLqM5k?si=PgEP_vSHXtVzDtom&t=15913,Sport
NES,Super Mario Bros.,09.06.2026,1h34m,NEIN,9,7,9,3,9,"7,87","8,56","8,43",https://www.youtube.com/live/MUn0_pLqM5k?si=WPa0U_9aYDca26Dt&t=12886,Jump & Run
NES,The New Zealand Story,09.06.2026,0h18m,JA,5,3,7,7,4,"4,47","4,33","4,36",https://www.youtube.com/live/MUn0_pLqM5k?si=pMC0KwyThtQc13On&t=19112,Jump & Run
NES,Godzilla,12.06.2026,0h26m,JA,5,7,8,3,6,"5,89","6,22","6,16",https://www.youtube.com/live/b503hl1BAqU?si=3UgrQus8oEF5bwDp&t=11642,Action
NES,Batman-Return of The Joker,12.06.2026,0h12m,JA,8,10,6,8,1,"7,84","5,11","5,61",https://www.youtube.com/live/b503hl1BAqU?si=NtKukmi4JP0loL70&t=13613,Action
NES,Mega Man 3,14.06.2026,1h13m,NEIN,8,8,10,3,9,"7,78","8,67","8,51",https://youtu.be/xfyt-7qCdc0?si=TWVTrdQUm_Kyn4OG&t=15996,Action
NES,Gauntlet II,14.06.2026,0h19m,JA,2,4,5,4,6,"6,06","4,56","4,83",https://youtu.be/xfyt-7qCdc0?si=kwYYxiRKoGFl5xFK&t=21457,Action
NES,Life Force Salamander,14.06.2026,0h29m,NEIN,7,8,7,6,8,"7,31","7,67","7,60",https://youtu.be/xfyt-7qCdc0?si=xS2HE433tpbc3zqw&t=22856,Shooter
NES,"Tiny Toon Adventures 2 
Trouble in Wackyland",15.06.2026,0h51m,JA,8,8,8,5,6,"5,83","7,11","6,88",https://www.youtube.com/live/RWTYcLMgop8?si=HD5d0iu7tqsOxoNu&t=20728,Jump & Run
NES,Kid Icarus,19.06.2026,1h55m,NEIN,8,8,6,6,8,"7,55","7,78","7,74",https://www.youtube.com/live/lIpPRjKzly4?si=NgVuxEn_z66j-2Vl&t=2646,Action
NES,"The Simpsons 
Bart vs. the Spacemutants",24.06.2026,1h10m,NEIN,5,5,1,8,5,"5,37","4,56","4,70",https://www.youtube.com/live/oiLkyaASJwQ?si=r-3sJG5MNe_5zmqC&t=16018,Jump & Run
NES,The Trolls in Crazyland,28.06.2026,0h15m,JA,5,4,5,7,3,"3,58","3,89","3,83",https://www.youtube.com/live/pBWa2-aZruw?si=pScAgjfux-2DnvsN&t=22441,Action
NES,Over Horizon,28.06.2026,1h06m,JA,7,8,10,7,9,"7,68","8,44","8,31",https://www.youtube.com/live/pBWa2-aZruw?si=4k3Ep2vcfs53drr8&t=23587,Shooter
NES,Blue Shadow ,29.06.2026,0h43m,JA,8,7,6,6,8,"7,27","7,56","7,50",https://www.youtube.com/live/HMzqK9FSK10?si=cPDPmTTrpDm0rTav&t=16420,Action
NES,The Terminator,29.06.2026,0h09m,JA,1,5,5,5,3,"2,26","3,22","3,05",https://www.youtube.com/live/HMzqK9FSK10?si=WwRrIt4uirlslNhb&t=19336,Action
NES,Star Force,29.06.2026,0h11m,JA,3,3,7,5,4,"4,35","3,89","3,97",https://www.youtube.com/live/HMzqK9FSK10?si=r0neIZBA6OtO4UKd&t=20099,Shooter
NES,Rodland,06.07.2026,0h38m,JA,6,5,8,3,9,"7,16","7,33","7,30",https://www.youtube.com/live/00ZfsxVU0xY?si=nWY4HwIv2PXhIrXi&t=16465,Jump & Run
NES,"Jack Nicklaus' Greatest 18 Holes 
of Major Championship Golf",06.07.2026,0h12m,JA,1,4,5,7,2,"2,19","2,56","2,49",https://www.youtube.com/live/00ZfsxVU0xY?si=YFTFO8faB7JxfS2n&t=19115,Sport
NES,Captain Skyhawk,06.07.2026,0h36m,JA,3,6,6,7,6,"5,78","5,33","5,41",https://www.youtube.com/live/00ZfsxVU0xY?si=it_DFfZ_TutawBSp&t=20097,Shooter
NES,New Ghostbusters 2,07.07.2026,0h42m,JA,9,8,8,5,8,"7,90","8,22","8,16",https://youtu.be/d12UFt7uUW0?si=HctBrxhU6nztwtrI&t=197,Action
NES,Super Turrican,19.07.2026,0h23m,JA,8,5,3,7,5,"3,75","5,44","5,14",https://www.youtube.com/live/D3mOQjcuc1A?si=1VWtnblWiUycprR5&t=16983,Action
NES,The Goonies II,20.07.2026,2h43m,NEIN,6,4,3,10,6,"4,56","5,22","5,10",https://www.youtube.com/live/mOEAAc_LRHI?si=LGgVNRv-dLbwtGCx&t=2836,Action
NES,Wrath of the Black Manta,20.07.2026,1h06m,JA,4,7,8,3,6,"4,76","6,00","5,77",https://www.youtube.com/live/mOEAAc_LRHI?si=e1L-pHlpAEIFjNxx&t=19934,Action
NES,"The Simpsons 
Bart vs the World",21.07.2026,0h17m,JA,1,5,2,6,3,"2,19","2,89","2,76",https://www.youtube.com/live/RQU_xkhqGmQ?si=An3UazpCsYdB6g-w&t=2487,Jump & Run
NES,Battle of Olympus,23.07.2026,4h26m,NEIN,8,9,9,8,8,"7,40","8,33","8,16",https://www.youtube.com/live/YM_OrjDGuzo?si=7elXQNxhj-kZKlTI&t=2158,Action
NES,WWF Wrestlemania Challenge,23.07.2026,0h08m,JA,7,5,3,6,4,"3,69","4,78","4,58",https://www.youtube.com/live/YM_OrjDGuzo?si=y2Q8bvqsL_MAwcK6&t=19769,Action
NES,City Connection,23.07.2026,0h10m,JA,2,2,1,8,1,"2,03","1,44","1,55",https://www.youtube.com/live/YM_OrjDGuzo?si=IhEm4wmBNlkBlPZB&t=20506,Action
NES,Clu Clu Land,23.07.2026,0h15m,JA,3,3,8,7,6,"6,13","4,89","5,11",https://www.youtube.com/live/YM_OrjDGuzo?si=LjE4Gahdx1Y5RICk&t=21278,Puzzle
NES,Darkwing Duck,26.07.2026,2h07m,NEIN,7,9,9,3,9,"8,53","8,56","8,55",https://www.youtube.com/live/WtX7g3dYTVw?si=8-7NX_vmLPk6PWsP&t=12459,Action
NES,Alpha Mission,26.07.2026,0h29m,JA,2,3,8,8,7,"5,48","5,11","5,18",https://www.youtube.com/live/WtX7g3dYTVw?si=Al0xx1My3J4d8AM0&t=20763,Shooter
NES,The Adventures of Bayou Billy,27.07.2026,0h10m,JA,5,7,4,8,3,"3,36","4,44","4,25",,Action
NES,Batman: The Video Game,28.07.2026,1h45m,JA,9,10,9,7,9,"8,22","9,22","9,04",,Action
NES,A Boy and his Blob,,,,,,,,,,,,,Jump & Run
NES,"Action in New York 
(US: S.C.A.T.: Special Cybernetic Attack Team)",,,,,,,,,,,,,Action
NES,Adventure Island Classic,,,,,,,,,,,,,Jump & Run
NES,Adventure of Lolo,,,,,,,,,,,,,Puzzle
NES,Adventure of Lolo 3,,,,,,,,,,,,,Puzzle
NES,Air Fortress,,,,,,,,,,,,,Shooter
NES,Aladdin,,,,,,,,,,,,,Jump & Run
NES,Alien 3,,,,,,,,,,,,,Action
NES,Anticipation,,,,,,,,,,,,,Strategie
NES,Arch Rivals,,,,,,,,,,,,,Action
NES,Astyanax,,,,,,,,,,,,,Action
NES,Athletic World,,,,,,,,,,,,,Action
NES,"Bad Dudes Vs. Dragon Ninja 
(US: Bad Dudes)",,,,,,,,,,,,,Prügelspiel
NES,Banana Prince,,,,,,,,,,,,,Jump & Run
NES,Barbie,,,,,,,,,,,,,Action
NES,Barker Bill's Trick Shooting,,,,,,,,,,,,,Shooter
NES,Baseball,,,,,,,,,,,,,Sport
NES,Batman Returns,,,,,,,,,,,,,Prügelspiel
NES,Battleship,,,,,,,,,,,,,Strategie
NES,"Best of the Best: 
Championship Karate",,,,,,,,,,,,,Prügelspiel
NES,Bigfoot,,,,,,,,,,,,,Rennspiel
NES,Blades of Steel,,,,,,,,,,,,,Action
NES,Blaster Master,,,,,,,,,,,,,Action
NES,Bucky O'Hare,,,,,,,,,,,,,Action
NES,Burai Fighter,,,,,,,,,,,,,Shooter
NES,California Games,,,,,,,,,,,,,Action
NES,Castelian,,,,,,,,,,,,,Action
NES,Castlevania II – Simon’s Quest,,,,,,,,,,,,,Action
NES,Castlevania III – Dracula‘s Curse,,,,,,,,,,,,,Action
NES,Championship Rally,,,,,,,,,,,,,Rennspiel
NES,Chessmaster,,,,,,,,,,,,,Strategie
NES,Chip n‘ Dale - Rescue Rangers,,,,,,,,,,,,,Jump & Run
NES,Chip n' Dale - Rescue Rangers 2,,,,,,,,,,,,,Jump & Run
NES,Cobra Triangle,,,,,,,,,,,,,Action
NES,"Corvette ZR1 Challenge
(US: Race America)",,,,,,,,,,,,,Rennspiel
NES,Crack Out,,,,,,,,,,,,,Puzzle
NES,Danny SulIivan's Indy Heat,,,,,,,,,,,,,Rennspiel
NES,Darkman,,,,,,,,,,,,,Action
NES,Days of Thunder,,,,,,,,,,,,,Rennspiel
NES,Defender of the Crown,,,,,,,,,,,,,Strategie
NES,Déjà Vu,,,,,,,,,,,,,Adventure
NES,Devil World,,,,,,,,,,,,,Action
NES,Die Hard,,,,,,,,,,,,,Action
NES,Die Schlümpfe,,,,,,,,,,,,,Action
NES,Die Schöne und das Biest,,,,,,,,,,,,,Action
NES,"Digger T. Rock: 
The Legend Of The Lost City",,,,,,,,,,,,,Action
NES,Donkey Kong 3,,,,,,,,,,,,,Jump & Run
NES,Donkey Kong Classics,,,,,,,,,,,,,Sonstiges
NES,Donkey Kong Jr.,,,,,,,,,,,,,Jump & Run
NES,Donkey Kong Jr. Math,,,,,,,,,,,,,Sonstiges
NES,Double Dragon,,,,,,,,,,,,,Prügelspiel
NES,Double Dragon III,,,,,,,,,,,,,Prügelspiel
NES,Double Dribble,,,,,,,,,,,,,Sport
NES,"Dragonball 
(US: Dragon Power)",,,,,,,,,,,,,Action
NES,Dropzone,,,,,,,,,,,,,Shooter
NES,Duck Hunt,,,,,,,,,,,,,Shooter
NES,Duck Tales,,,,,,,,,,,,,Jump & Run
NES,Duck Tales 2,,,,,,,,,,,,,Jump & Run
NES,"Dynablaster 
(US: Bomberman II)",,,,,,,,,,,,,Action
NES,Elite,,,,,,,,,,,,,Adventure
NES,Excitebike,,,,,,,,,,,,,Rennspiel
NES,F-15 Strike Eagle,,,,,,,,,,,,,Shooter
NES,Faxanadu,,,,,,,,,,,,,Action
NES,Felix the Cat,,,,,,,,,,,,,Jump & Run
NES,Ferrari Grand Prix Challenge,,,,,,,,,,,,,Rennspiel
NES,Formula 1 Sensation,,,,,,,,,,,,,Rennspiel
NES,Four Player Tennis ,,,,,,,,,,,,,Sport
NES,"Galaga 
(US: Galaga - Demons of Death)",,,,,,,,,,,,,Shooter
NES,Galaxy 5000,,,,,,,,,,,,,Rennspiel
NES,Gargoyle's Quest II,,,,,,,,,,,,,Action
NES,George Foreman's KO Boxing,,,,,,,,,,,,,Sport
NES,Ghostbusters 2,,,,,,,,,,,,,Action
NES,Goal!,,,,,,,,,,,,,Sport
NES,Goal! 2,,,,,,,,,,,,,Sport
NES,Gold Medal Challenge '92,,,,,,,,,,,,,Sport
NES,Golf,,,,,,,,,,,,,Sport
NES,Gradius,,,,,,,,,,,,,Shooter
NES,Gremlins 2: The New Batch,,,,,,,,,,,,,Action
NES,Guerilla War,,,,,,,,,,,,,Action
NES,Gumshoe,,,,,,,,,,,,,Action
NES,Gyromite,,,,,,,,,,,,,Action
NES,Hammerin' Harry,,,,,,,,,,,,,Action
NES,High Speed,,,,,,,,,,,,,Sonstiges
NES,Hogan's Alley,,,,,,,,,,,,,Shooter
NES,"Home Alone 2: 
Lost in New York",,,,,,,,,,,,,Jump & Run
NES,Hook,,,,,,,,,,,,,Jump & Run
NES,Hoop's,,,,,,,,,,,,,Action
NES,Hudson Hawk,,,,,,,,,,,,,Action
NES,Hyper Soccer,,,,,,,,,,,,,Sport
NES,Ice Climber,,,,,,,,,,,,,Action
NES,Ice Hockey,,,,,,,,,,,,,Sport
NES,Ikari Warriors,,,,,,,,,,,,,Action
NES,Indiana Jones and the Last Crusade,,,,,,,,,,,,,Action
NES,Iron Tank,,,,,,,,,,,,,Shooter
NES,Isolated Warrior,,,,,,,,,,,,,Shooter
NES,Jackie Chan's Action Kung Fu,,,,,,,,,,,,,Prügelspiel
NES,James Bond Jr,,,,,,,,,,,,,Action
NES,"Joe & Mac - Caveman Ninja 
(US: Joe & Mac)",,,,,,,,,,,,,Jump & Run
NES,Kabuki Quantum Fighter,,,,,,,,,,,,,Action
NES,Kick Off,,,,,,,,,,,,,Sport
NES,Kickle Cubicle,,,,,,,,,,,,,Puzzle
NES,Kirby’s Adventure,,,,,,,,,,,,,Jump & Run
NES,Knight Rider,,,,,,,,,,,,,Action
NES,König der Löwen,,,,,,,,,,,,,Action
NES,Krusty's Fun House,,,,,,,,,,,,,Action
NES,Kung Fu,,,,,,,,,,,,,Prügelspiel
NES,Lemmings,,,,,,,,,,,,,Puzzle
NES,Les Chevaliers Du Zodiaque,,,,,,,,,,,,,Action
NES,Lethal Weapon,,,,,,,,,,,,,Action
NES,Little Nemo: The Dream Master,,,,,,,,,,,,,Jump & Run
NES,Little Ninja Brothers,,,,,,,,,,,,,RPG
NES,Little Samson,,,,,,,,,,,,,Action
NES,Low G Man,,,,,,,,,,,,,Action
NES,Lunar Pool,,,,,,,,,,,,,Sport
NES,Maniac Mansion,,,,,,,,,,,,,Adventure
NES,Marble Madness,,,,,,,,,,,,,Puzzle
NES,"Mario & Yoshi 
(US: Yoshi)",,,,,,,,,,,,,Puzzle
NES,Mega Man 4,,,,,,,,,,,,,Action
NES,Mighty Bomb Jack,,,,,,,,,,,,,Action
NES,Mighty Final Fight,,,,,,,,,,,,,Prügelspiel
NES,Miracle Piano,,,,,,,,,,,,,Sonstiges
NES,Mission:Impossible,,,,,,,,,,,,,Action
NES,Monster in my Pocket,,,,,,,,,,,,,Action
NES,Mr. Gimmick,,,,,,,,,,,,,Jump & Run
NES,NES Open Tournament Golf,,,,,,,,,,,,,Sport
NES,"Nigel Mansell's 
World Championship",,,,,,,,,,,,,Action
NES,Ninja Gaiden,,,,,,,,,,,,,Action
NES,"Ninja Gaiden 2
The Dark Sword of Chaos",,,,,,,,,,,,,Action
NES,Nintendo World Cup,,,,,,,,,,,,,Sport
NES,"North & South 
(US: North and South)",,,,,,,,,,,,,Action
NES,Operation Wolf,,,,,,,,,,,,,Shooter
NES,Pac-Man,,,,,,,,,,,,,Action
NES,Panic Restaurant,,,,,,,,,,,,,Jump & Run
NES,Paperboy,,,,,,,,,,,,,Action
NES,Paperboy 2,,,,,,,,,,,,,Action
NES,Parodius,,,,,,,,,,,,,Shooter
NES,"Phantom Air Mission 
(US: Flight of the Intruder)",,,,,,,,,,,,,Shooter
NES,Popeye,,,,,,,,,,,,,Action
NES,Power Blade,,,,,,,,,,,,,Action
NES,Pro Wrestling,,,,,,,,,,,,,Sport
NES,"Probotector II Return of the Evil Forces 
(US: Super C)
",,,,,,,,,,,,,Action
NES,Punch Out!!,,,,,,,,,,,,,Sport
NES,Puzznic,,,,,,,,,,,,,Puzzle
NES,R.C. Pro-Am 2,,,,,,,,,,,,,Action
NES,Racket Attack,,,,,,,,,,,,,Action
NES,Rackets and Rivals,,,,,,,,,,,,,Action
NES,Rad Racer,,,,,,,,,,,,,Rennspiel
NES,"Rainbow Islands 
The Story of Bubble Bobble 2
",,,,,,,,,,,,,Jump & Run
NES,"Rainbow Islands 2: Parasol Stars
(US: Parasol Stars: The Story of Bubble Bobble III)",,,,,,,,,,,,,Jump & Run
NES,Rampart,,,,,,,,,,,,,Strategie
NES,Road Fighter,,,,,,,,,,,,,Rennspiel
NES,RoadBlaster,,,,,,,,,,,,,Action
NES,Robin Hood - Prince of Thieves,,,,,,,,,,,,,Action
NES,Robocop,,,,,,,,,,,,,Action
NES,Rockin' Kats,,,,,,,,,,,,,Jump & Run
NES,Rollergames,,,,,,,,,,,,,Action
NES,Rush 'n Attack,,,,,,,,,,,,,Action
NES,Rygar,,,,,,,,,,,,,Action
NES,Section Z,,,,,,,,,,,,,Shooter
NES,Shadowgate,,,,,,,,,,,,,Adventure
NES,Shatterhand,,,,,,,,,,,,,Action
NES,Side Pocket,,,,,,,,,,,,,Sport
NES,Silent Service,,,,,,,,,,,,,Strategie
NES,Ski or Die,,,,,,,,,,,,,Sport
NES,Slalom,,,,,,,,,,,,,Rennspiel
NES,Smash T.V.,,,,,,,,,,,,,Shooter
NES,Snake Rattle n’ Roll,,,,,,,,,,,,,Action
NES,Snake's Revenge - Metal Gear II,,,,,,,,,,,,,Adventure
NES,Snow Brothers,,,,,,,,,,,,,Jump & Run
NES,"Snowboard Challenge 
(US: Heavy Shreddin')",,,,,,,,,,,,,Sport
NES,Soccer,,,,,,,,,,,,,Sport
NES,"Solar Jetman
Hunt for the golden Warship",,,,,,,,,,,,,Shooter
NES,Solomon's Key,,,,,,,,,,,,,Action
NES,"Solomon's Key 2 
(US: Fire 'n Ice)",,,,,,,,,,,,,Action
NES,Solstice,,,,,,,,,,,,,Puzzle
NES,"Spider Man
Return of the Sinister Six",,,,,,,,,,,,,Action
NES,Spy Vs. Spy,,,,,,,,,,,,,Action
NES,Stack Up,,,,,,,,,,,,,Puzzle
NES,Stadium Events,,,,,,,,,,,,,Sport
NES,Star Trek - 25nd Anniversary,,,,,,,,,,,,,Action
NES,Star Tropics,,,,,,,,,,,,,Adventure
NES,Star Wars,,,,,,,,,,,,,Action
NES,Stealth ATF,,,,,,,,,,,,,Shooter
NES,Super Mario Bros. 3,,,,,,,,,,,,,Jump & Run
NES,Super Spike V'Ball,,,,,,,,,,,,,Sport
NES,Swamp Thing,,,,,,,,,,,,,Action
NES,Sword Master,,,,,,,,,,,,,Sonstiges
NES,Tale Spin,,,,,,,,,,,,,Jump & Run
NES,"Tecmo Cup: Football Game 
(US: Tecmo Cup: Soccer Game)",,,,,,,,,,,,,Sport
NES,Tecmo World Wrestling,,,,,,,,,,,,,Sport
NES,Teenage Mutant Hero Turtles ,,,,,,,,,,,,,Action
NES,Tennis,,,,,,,,,,,,,Sport
NES,Terminator 2: Judgment Day,,,,,,,,,,,,,Action
NES,Tetris,,,,,,,,,,,,,Puzzle
NES,Tetris 2,,,,,,,,,,,,,Puzzle
NES,The Addams Family,,,,,,,,,,,,,Jump & Run
NES,"The Addams Family
Fester's Quest",,,,,,,,,,,,,Jump & Run
NES,"The Addams Family 
Pugsley's Scavenger Hunt",,,,,,,,,,,,,Jump & Run
NES,Adventure Island II,,,,,,,,,,,,,Jump & Run
NES,The Adventures of Rad Gravity,,,,,,,,,,,,,Action
NES,The Blues Brothers,,,,,,,,,,,,,Jump & Run
NES,"The Bugs Bunny Blowout
(US: The Bugs Bunny Birthday Blowout)",,,,,,,,,,,,,Jump & Run
NES,The Empire Strikes Back,,,,,,,,,,,,,Action
NES,"The Flintstones 
Rescue of Dino and Hoppy",,,,,,,,,,,,,Jump & Run
NES,"The Flintstones 
The Surprise at Dinosaur Peak",,,,,,,,,,,,,Jump & Run
NES,The Guardian Legend,,,,,,,,,,,,,Adventure
NES,The Hunt for Red October,,,,,,,,,,,,,Action
NES,The Incredible Crash Dummies,,,,,,,,,,,,,Action
NES,The Jetsons: Cogswell's Caper,,,,,,,,,,,,,Action
NES,The Legend of Prince Valiant,,,,,,,,,,,,,Action
NES,The Legend of Zelda,,,,,,,,,,,,,Adventure
NES,"The Simpsons 
Bartman meets Radioactiveman",,,,,,,,,,,,,Jump & Run
NES,Time Lord,,,,,,,,,,,,,Action
NES,Tiny Toon Cartoon Workshop,,,,,,,,,,,,,Sonstiges
NES,TMNT - Tournament Fighters,,,,,,,,,,,,,Prügelspiel
NES,To the Earth,,,,,,,,,,,,,Shooter
NES,Tom & Jerry,,,,,,,,,,,,,Jump & Run
NES,Top Gun,,,,,,,,,,,,,Shooter
NES,Totally Rad,,,,,,,,,,,,,Action
NES,Track n' Field II,,,,,,,,,,,,,Sport
NES,"Track n' Field in Barcelona
(US: Track & Field)",,,,,,,,,,,,,Sport
NES,Trog,,,,,,,,,,,,,Action
NES,"Ufouria: The Saga
(JP: Hebereke)",,,,,,,,,,,,,Jump & Run
NES,Ultimate Air Combat,,,,,,,,,,,,,Shooter
NES,Urban Champion,,,,,,,,,,,,,Prügelspiel
NES,Volleyball,,,,,,,,,,,,,Sport
NES,Wario’s Woods,,,,,,,,,,,,,Action
NES,Wild Gunman,,,,,,,,,,,,,Shooter
NES,Willow,,,,,,,,,,,,,Adventure
NES,Wizards and Warriors,,,,,,,,,,,,,Jump & Run
NES,"Wizards and Warriors II
 Iron Sword",,,,,,,,,,,,,Jump & Run
NES,Wizards and Warriors III,,,,,,,,,,,,,Adventure
NES,Wrecking Crew,,,,,,,,,,,,,Action
NES,WWF King of the Ring,,,,,,,,,,,,,Action
NES,WWF Wrestlemania,,,,,,,,,,,,,Action
NES,"WWF Wrestlemania 
Steel Cage Challenge",,,,,,,,,,,,,Action
NES,Xevious,,,,,,,,,,,,,Shooter
NES,Zelda II – The Adventure of Link,,,,,,,,,,,,,RPG
NES,Zen - Intergalactic Ninja,,,,,,,,,,,,,Action
SNES,Wario's Woods,10.03.2026,1h20m,JA,4,5,8,8,7,"5,70","6,00","5,95",https://youtu.be/KRA84uIhK-8,Puzzle
SNES,The Simpsons: Bart's Nightmare,13.03.2026,0h40m,JA,4,7,4,8,5,"3,85","5,11","4,88",https://youtu.be/0ZJw-RwS77Q,Jump & Run
SNES,Lethal Enforcers,13.03.2026,0h18m,JA,3,6,4,3,2,"3,76","3,33","3,41",https://youtu.be/RtMnkDtLY0g,Action
SNES,Euro Football Champ,15.03.2026,0h17m,JA,5,5,2,3,4,"3,35","4,22","4,06",https://youtu.be/_8TyjFBKF_k,Sport
SNES,Super Mario World,23.03.2026,12h10m,NEIN,10,8,10,4,10,"9,37","9,56","9,52",https://youtu.be/6MR14JbfPJU,Jump & Run
SNES,Aladdin,23.03.2026,0h35m,NEIN,8,9,9,2,8,"8,27","8,33","8,32",https://youtu.be/HUrPKMWX0K0,Jump & Run
SNES,"The Legend of Zelda: 
A Link to the Past",27.03.2026,6h45m,NEIN,10,9,9,5,10,"9,65","9,67","9,66",https://youtu.be/ZPsN9dif-b4,Adventure
SNES,Super Punch-Out!!,03.04.2026,4h31m,NEIN,6,7,8,4,9,"7,18","7,78","7,67",https://www.youtube.com/live/HXfPaK201jE?si=-Jzy-jtKpwGmyOmI&t=12446,Sport
SNES,Tetris Attack,05.04.2026,1h18m,NEIN,4,7,7,7,7,"6,52","6,33","6,37",https://www.youtube.com/live/Dt889zor-aw?si=aTvzZhhDm6YGEjvY&t=8585,Puzzle
SNES,Aero Fighters,06.04.2026,2h05m,JA,7,7,6,4,8,"7,26","7,33","7,32",https://www.youtube.com/live/Xze4qX6pvJk?si=Q89G3iK2O3zpZB2f&t=5029,Shooter
SNES,Knights of the Round,06.04.2026,1h08m,NEIN,7,8,4,7,6,"6,55","6,44","6,46",https://www.youtube.com/live/Xze4qX6pvJk?si=sQBW17ebjq_O7hDW&t=16843,Action
SNES,Secret of Evermore,08.04.2026,12h01m,NEIN,6,7,8,7,9,"8,60","7,78","7,93",https://youtu.be/gLo8Y8XbL6M,RPG
SNES,Captain Novolin,13.04.2026,0h45m,JA,3,5,3,4,3,"3,39","3,44","3,43",https://www.youtube.com/live/j0Of6Yzz2g8?si=FANQurgq5o6xKUuP&t=3961,Jump & Run
SNES,Super Mario Kart,14.04.2026,3h44m,NEIN,8,9,10,6,10,"9,00","9,33","9,27",,Rennspiel
SNES,Power Rangers Zeo: Battle Racers,28.04.2026,0h19m,JA,5,7,6,7,6,"4,12","6,00","5,66",https://www.youtube.com/live/SrqIrD_vaR4?si=vKnOD3Erqg-H19Mn&t=6943,Rennspiel
SNES,Biker Mice from Mars,28.04.2026,1h17m,JA,7,8,7,5,7,"6,93","7,22","7,17",https://www.youtube.com/live/SrqIrD_vaR4?si=LYxUB0Hu5tfibKVA&t=8842,Rennspiel
SNES,Pocky & Rocky,05.05.2026,4h40m,NEIN,7,9,8,7,8,"8,00","8,00","8,00",https://www.youtube.com/live/CLF2jeSEzwQ?si=1i4N2b72UWQ4X1eV&t=1758,Action
SNES,Starwing,07.05.2026,0h36m,NEIN,7,5,9,4,8,"7,52","7,22","7,28",https://www.youtube.com/live/ZxFCTdLJi2c?si=KZVTkdQaylla_hML&t=21421,Action
SNES,Asterix & Obelix,07.05.2026,0h32m,NEIN,7,8,3,8,4,"5,95","5,44","5,54",https://www.youtube.com/live/ZxFCTdLJi2c?si=8ljWslFoM7WYu406&t=24862,Jump & Run
SNES,Asterix,07.05.2026,0h40m,JA,4,3,5,5,4,"5,31","3,89","4,15",https://www.youtube.com/live/ZxFCTdLJi2c?si=NdYi7oisOlSagRLN&t=27110,Jump & Run
SNES,Parodius,10.05.2026,1h09m,NEIN,8,6,8,3,9,"7,75","8,00","7,95",https://www.youtube.com/live/vBF7aB3IgIo?si=tv8QbUncD6pfJBVk&t=14150,Shooter
SNES,Pinocchio,11.05.2026,1h09m,NEIN,6,9,8,2,7,"5,85","7,33","7,06",https://www.youtube.com/live/vBF7aB3IgIo?si=OSJxp5XtskWOBYpn&t=18967,Action
SNES,First Samurai,11.05.2026,1h15m,JA,2,5,5,5,7,"4,63","5,22","5,11",https://www.youtube.com/live/lfBC_dZlemY?si=wCLaAReCy-_gBHuG&t=4258,Action
SNES,"The Magical Quest 
starring Mickey Mouse",12.05.2026,1h15m,NEIN,6,9,8,2,9,"8,33","8,22","8,24",https://www.youtube.com/live/QvttihB6lLU?si=36V29-LA4-gdmfH2&t=2609,Jump & Run
SNES,Power Rangers,12.05.2026,0h55m,NEIN,9,7,8,3,8,"7,18","8,00","7,85",https://www.youtube.com/live/QvttihB6lLU?si=HD_wpKsmZ3dv7ZE4&t=7338,Action
SNES,"Mighty Morphin Power Rangers: 
The Movie",12.05.2026,1h05m,JA,8,8,9,6,8,"7,96","8,11","8,08",https://www.youtube.com/live/QvttihB6lLU?si=th6thJfSDb5OiWF_&t=11756,Action
SNES,Congo's Caper,12.05.2026,1h05m,JA,4,4,8,3,6,"6,00","5,33","5,45",https://www.youtube.com/live/QvttihB6lLU?si=iA2U_Dhtj49CqhFB&t=16176,Action
SNES,Terranigma,13.05.2026,16h32m,NEIN,9,9,10,4,10,"9,01","9,56","9,46",https://youtu.be/F8Z97mMNVmc,RPG
SNES,"The Great Circus Mystery 
starring Mickey & Minnie",15.05.2026,0h53m,NEIN,6,8,8,4,6,"6,42","6,67","6,62",https://www.youtube.com/live/0BexWdJ3qns?si=sHT4zL5UQauPio3r&t=2360,Jump & Run
SNES,"Mickey and Donald's 
Magical Adventure 3",15.05.2026,1h21m,JA,6,9,8,6,7,"6,91","7,33","7,26",https://www.youtube.com/live/0BexWdJ3qns?si=BuJP274R3lXSDY2m&t=6048,Jump & Run
SNES,Aerobiz,24.05.2026,0h18m,JA,4,3,7,5,2,"3,76","3,22","3,32",https://www.youtube.com/live/ovFaf6VcmpQ?si=b9ZZ_R28U7LTcAzm&t=20149,Sonstiges
SNES,Street Fighter II Turbo,25.05.2026,1h17m,NEIN,9,8,10,8,8,"7,82","8,44","8,33",https://www.youtube.com/live/QVe303bdeiU?si=Eq7-N1ia0qnyjeNl&t=13764,Prügelspiel
SNES,Mystic Quest Legend,27.05.2026,10h47m,NEIN,8,6,6,2,7,"7,76","6,89","7,05",https://youtu.be/0w9MaA1kQjM,RPG
SNES,Power Drive,01.06.2026,0h16m,JA,4,5,5,5,6,"4,92","5,22","5,17",https://youtu.be/FCWMa7f8SCY?si=04d5wgaFQhwwcHy5&t=18377,Action
SNES,Sunset Riders,04.06.2026,0h27m,NEIN,7,6,8,8,9,"7,23","7,78","7,68",https://www.youtube.com/live/hDTyBG6CUks?si=S9Ovg3rujKKc0MyZ&t=14708,Action
SNES,Super Mario All-Stars,09.06.2026,14h48m,Nein,7,8,5,2,9,"8,23","7,89","7,95",https://youtu.be/LgN4wp4UV2U,Jump & Run
SNES,F-Zero,22.06.2026,6h29m,NEIN,10,9,10,7,8,"8,13","8,89","8,75",https://www.youtube.com/live/L8TS4EXZZ48?si=xKo-L7xPG9IELcCE&t=7580,Rennspiel
SNES,"Sensible Soccer: 
European Champions",23.06.2026,0h10m,NEIN,4,1,2,5,3,"4,00","2,67","2,91",https://www.youtube.com/live/rOvCUF5Q3uQ?si=A6C8f8ypaMO6JaXO&t=2520,Sport
SNES,WeaponLord,23.06.2026,0h13m,JA,5,6,3,7,3,"2,89","4,11","3,89",https://www.youtube.com/live/rOvCUF5Q3uQ?si=Wmo7qCwHCS_e1yo1&t=3425,Action
SNES,Dragon's Lair,23.06.2026,0h30m,JA,5,4,3,5,4,"4,20","4,11","4,13",https://www.youtube.com/live/rOvCUF5Q3uQ?si=hVcwQvMwN1Xoht8E&t=4478,Action
SNES,Sailormoon,23.06.2026,0h48m,NEIN,5,8,4,5,6,"5,98","6,00","6,00",https://www.youtube.com/live/rOvCUF5Q3uQ?si=aefhiKDVF4YK9p3X&t=7115,Action
SNES,James Pond's Crazy Sports,23.06.2026,0h11m,JA,3,5,4,3,4,"4,32","4,00","4,06",https://www.youtube.com/live/rOvCUF5Q3uQ?si=JSvuoKJj68zpSjGH&t=10898,Action
SNES,Super Battletank 2,23.06.2026,0h19m,JA,3,7,6,6,3,"4,05","4,22","4,19",https://www.youtube.com/live/rOvCUF5Q3uQ?si=LFcuyUEnKByDpnly&t=11802,Action
SNES,HyperZone,23.06.2026,0h25m,JA,4,6,6,6,5,"4,24","5,11","4,95",https://www.youtube.com/live/rOvCUF5Q3uQ?si=ltXDMFBIujo9RBpw&t=13319,Shooter
SNES,Top Gear 3000,07.07.2026,0h18m,JA,4,5,5,5,5,"6,26","4,78","5,05",https://youtu.be/d12UFt7uUW0?si=N3U-r2KJYxxS9wRX&t=3068,Rennspiel
SNES,Dirt Trax FX,12.07.2026,0h11m,JA,3,2,4,3,2,"2,69","2,44","2,49",https://www.youtube.com/live/-FgFOaDr6bQ?si=MwODZcfFMCyei6b2&t=23793,Action
SNES,Timon & Pumbaa's Jungle Games,12.07.2026,0h47m,JA,4,6,5,3,5,"5,52","5,00","5,09",https://www.youtube.com/live/-FgFOaDr6bQ?si=69W4HWrmuU4L3jrV&t=24756,Action
SNES,Chrono Trigger,14.07.2026,21h37m,NEIN,7,10,7,5,6,"8,38","7,22","7,43",,RPG
SNES,Troddlers,19.07.2026,0h14m,JA,3,4,2,8,5,"5,28","4,00","4,23",https://www.youtube.com/live/D3mOQjcuc1A?si=CQtnteLXeXgbWeRO&t=18595,Action
SNES,Jungle Strike,19.07.2026,0h15m,JA,2,4,5,6,2,"3,38","2,78","2,89",https://www.youtube.com/live/D3mOQjcuc1A?si=PD1IlQzDkEmfXSRi&t=19614,Action
SNES,Clay Fighter,21.07.2026,0h34m,NEIN,6,8,2,3,4,"4,64","5,11","5,03",https://www.youtube.com/live/RQU_xkhqGmQ?si=iJHkSR2ETgCr80nF&t=3935,Action
SNES,Donald in Maui Mallard,26.07.2026,1h01m,JA,5,10,3,7,3,"5,63","5,00","5,11",https://www.youtube.com/live/WtX7g3dYTVw?si=p3dMyAndzb9GNc1H&t=10277,Action
SNES,"90 Minutes European 
Prime Goal",,,,,,,,,,,,,Sport
SNES,Aaahh!!! Real Monsters,,,,,,,,,,,,,Action
SNES,ACME Animation Factory,,,,,,,,,,,,,Sonstiges
SNES,ActRaiser,,,,,,,,,,,,,Adventure
SNES,Actraiser 2,,,,,,,,,,,,,Adventure
SNES,Addams Family Values,,,,,,,,,,,,,Jump & Run
SNES,The Addams Family,,,,,,,,,,,,,Jump & Run
SNES,"The Addams Family: 
Pugsley's Scavenger Hunt",,,,,,,,,,,,,Jump & Run
SNES,Adventures of Batman & Robin,,,,,,,,,,,,,Action
SNES,The Adventures of Dr. Franken,,,,,,,,,,,,,Action
SNES,The Adventures of Mighty Max,,,,,,,,,,,,,Action
SNES,"The Adventures of Tintin: 
Prisoners of the Sun",,,,,,,,,,,,,Action
SNES,Aero the Acro-Bat,,,,,,,,,,,,,Jump & Run
SNES,Aero the Acro-Bat 2,,,,,,,,,,,,,Jump & Run
SNES,Aguri Suzuki F-1 Super Driving,,,,,,,,,,,,,Action
SNES,Air Cavalry,,,,,,,,,,,,,Action
SNES,Al Unser Jr.'s Road to the Top,,,,,,,,,,,,,Action
SNES,Alfred Chicken,,,,,,,,,,,,,Jump & Run
SNES,Alien 3,,,,,,,,,,,,,Action
SNES,Alien vs. Predator,,,,,,,,,,,,,Action
SNES,"All-American 
Championship Football",,,,,,,,,,,,,Action
SNES,Amazing Tennis (David Crane's),,,,,,,,,,,,,Sport
SNES,"An American Tail: 
Fievel Goes West",,,,,,,,,,,,,Action
SNES,Animaniacs,,,,,,,,,,,,,Action
SNES,Another World,,,,,,,,,,,,,Action
SNES,Arcade's Greatest Hits,,,,,,,,,,,,,Action
SNES,"Arcade's Greatest Hits: 
The Atari Collection 1",,,,,,,,,,,,,Sonstiges
SNES,Ardy Lightfoot,,,,,,,,,,,,,Action
SNES,Arkanoid,,,,,,,,,,,,,Action
SNES,Art of Fighting,,,,,,,,,,,,,Prügelspiel
SNES,Axelay,,,,,,,,,,,,,Action
SNES,B.O.B.,,,,,,,,,,,,,Action
SNES,Barkley Shut Up and Jam!,,,,,,,,,,,,,Action
SNES,Bass Master Classic Pro Edition,,,,,,,,,,,,,Action
SNES,Batman Forever,,,,,,,,,,,,,Action
SNES,Batman Returns,,,,,,,,,,,,,Prügelspiel
SNES,BattleClash,,,,,,,,,,,,,Action
SNES,Battletoads & Double Dragon,,,,,,,,,,,,,Prügelspiel
SNES,Battletoads in Battlemaniacs,,,,,,,,,,,,,Prügelspiel
SNES,Beauty and the Beast,,,,,,,,,,,,,Action
SNES,Beavis and Butt-Head,,,,,,,,,,,,,Action
SNES,"Beethoven: 
The Ultimate Canine Caper",,,,,,,,,,,,,RPG
SNES,"Best of the Best 
Championship Karate",,,,,,,,,,,,,Prügelspiel
SNES,Big Sky Trooper,,,,,,,,,,,,,Action
SNES,BioMetal,,,,,,,,,,,,,Action
SNES,"BlackHawk
(US: Blackthorne)",,,,,,,,,,,,,Action
SNES,Blazing Skies,,,,,,,,,,,,,Sport
SNES,The Blues Brothers,,,,,,,,,,,,,Jump & Run
SNES,Boogerman,,,,,,,,,,,,,Action
SNES,Boxing Legends of the Ring,,,,,,,,,,,,,Sport
SNES,The Brainies,,,,,,,,,,,,,Action
SNES,"Brawl Brothers
(JP: Rushing Beat Ran: Fukusei Toshi)",,,,,,,,,,,,,Action
SNES,Breath of Fire II,,,,,,,,,,,,,RPG
SNES,Brett Hull Hockey,,,,,,,,,,,,,Sport
SNES,Brutal: Paws of Fury,,,,,,,,,,,,,Action
SNES,Bubsy II,,,,,,,,,,,,,Jump & Run
SNES,"Bubsy in: Claws Encounters 
of the Furred Kind",,,,,,,,,,,,,Jump & Run
SNES,Bugs Bunny: Rabbit Rampage,,,,,,,,,,,,,Jump & Run
SNES,"Bulls vs. Blazers and 
the NBA Playoffs",,,,,,,,,,,,,Action
SNES,Cal Ripken Jr. Baseball,,,,,,,,,,,,,Sport
SNES,California Games II,,,,,,,,,,,,,Action
SNES,Cannon Fodder,,,,,,,,,,,,,Action
SNES,"Captain America 
and the Avengers",,,,,,,,,,,,,Prügelspiel
SNES,Captain Commando,,,,,,,,,,,,,Action
SNES,Carrier Aces,,,,,,,,,,,,,Action
SNES,Casper,,,,,,,,,,,,,Action
SNES,"Castlevania: Vampire's Kiss
(US: Castlevania: Dracula X)",,,,,,,,,,,,,Action
SNES,Champions World Class Soccer,,,,,,,,,,,,,Sport
SNES,Champions World Class Soccer: PSG,,,,,,,,,,,,,Sport
SNES,Championship Pool,,,,,,,,,,,,,Sport
SNES,The Chaos Engine,,,,,,,,,,,,,Action
SNES,The Chessmaster,,,,,,,,,,,,,Sonstiges
SNES,Choplifter III,,,,,,,,,,,,,Action
SNES,Chuck Rock,,,,,,,,,,,,,Action
SNES,Clay Fighter 2: C2: Judgment Clay,,,,,,,,,,,,,Action
SNES,Claymates,,,,,,,,,,,,,Action
SNES,Cliffhanger,,,,,,,,,,,,,Action
SNES,Cool Spot,,,,,,,,,,,,,Jump & Run
SNES,Cutthroat Island,,,,,,,,,,,,,Action
SNES,Cybernator,,,,,,,,,,,,,Action
SNES,Daffy Duck: The Marvin Missions,,,,,,,,,,,,,Action
SNES,Darius Twin,,,,,,,,,,,,,Shooter
SNES,Daze before Christmas,,,,,,,,,,,,,Action
SNES,Death and Return of Superman,,,,,,,,,,,,,Action
SNES,Demolition Man,,,,,,,,,,,,,Action
SNES,Demon's Crest,,,,,,,,,,,,,Action
SNES,Dennis,,,,,,,,,,,,,Action
SNES,"Desert Fighter
(US: A.S.P.: Air Strike Patrol)",,,,,,,,,,,,,Action
SNES,Desert Strike: Return to the Gulf,,,,,,,,,,,,,Action
SNES,Dino City,,,,,,,,,,,,,Action
SNES,Dino Dini's Soccer,,,,,,,,,,,,,Sport
SNES,Dirt Racer,,,,,,,,,,,,,Rennspiel
SNES,Donkey Kong Country,,,,,,,,,,,,,Jump & Run
SNES,"Donkey Kong Country 2 
Diddy's Kong Quest",,,,,,,,,,,,,Jump & Run
SNES,"Donkey Kong Country 3 
Dixie Kong's Double Trouble!",,,,,,,,,,,,,Jump & Run
SNES,Doom,,,,,,,,,,,,,Shooter
SNES,Double Dragon V: The Shadow Falls,,,,,,,,,,,,,Prügelspiel
SNES,"Dracula, Bram Stoker's",,,,,,,,,,,,,Action
SNES,Dragon Ball Z: Hyper Dimension,,,,,,,,,,,,,Action
SNES,Dragon Ball Z: La Legende SAIEN,,,,,,,,,,,,,Action
SNES,Dragon Ball Z: Super Butouden,,,,,,,,,,,,,Action
SNES,Dragon Ball Z: Ultime Menace,,,,,,,,,,,,,Action
SNES,Dragon: The Bruce Lee Story,,,,,,,,,,,,,Action
SNES,Drakkhen,,,,,,,,,,,,,Action
SNES,Dungeon Master,,,,,,,,,,,,,Action
SNES,Earth Defense Force,,,,,,,,,,,,,Action
SNES,Earthworm Jim,,,,,,,,,,,,,Jump & Run
SNES,Earthworm Jim 2,,,,,,,,,,,,,Jump & Run
SNES,Eek! The Cat,,,,,,,,,,,,,Action
SNES,Equinox,,,,,,,,,,,,,Action
SNES,"Eric Cantona Football Challenge
(US: World Soccer '94: Road to Glory)",,,,,,,,,,,,,Sport
SNES,ESPN Baseball Tonight,,,,,,,,,,,,,Sport
SNES,"Exhaust Heat
(US: F1 ROC: Race of Champions)",,,,,,,,,,,,,Action
SNES,F1 Pole Position,,,,,,,,,,,,,Action
SNES,F1 Pole Position 2,,,,,,,,,,,,,Action
SNES,F1 World Championship Edition,,,,,,,,,,,,,Action
SNES,Family Dog,,,,,,,,,,,,,Action
SNES,Fatal Fury,,,,,,,,,,,,,Prügelspiel
SNES,Fatal Fury 2,,,,,,,,,,,,,Prügelspiel
SNES,Fatal Fury Special,,,,,,,,,,,,,Prügelspiel
SNES,Fever Pitch Soccer,,,,,,,,,,,,,Sport
SNES,FIFA '97,,,,,,,,,,,,,Sport
SNES,FIFA International Soccer,,,,,,,,,,,,,Sport
SNES,FIFA Road to World Cup '98,,,,,,,,,,,,,Sport
SNES,FIFA Soccer '96,,,,,,,,,,,,,Sport
SNES,Final Fight,,,,,,,,,,,,,Prügelspiel
SNES,Final Fight 2,,,,,,,,,,,,,Prügelspiel
SNES,Final Fight 3,,,,,,,,,,,,,Prügelspiel
SNES,The Firemen,,,,,,,,,,,,,Action
SNES,Flashback,,,,,,,,,,,,,Jump & Run
SNES,The Flintstones,,,,,,,,,,,,,Jump & Run
SNES,"The Flintstones: 
The Treasure of Sierra Madrock",,,,,,,,,,,,,Jump & Run
SNES,Foreman for Real Boxing,,,,,,,,,,,,,Sport
SNES,Frank Thomas Big Hurt Baseball,,,,,,,,,,,,,Sport
SNES,Frantic Flea,,,,,,,,,,,,,Action
SNES,Full Throttle: All-American Racing,,,,,,,,,,,,,Rennspiel
SNES,"Fun 'n Games: 
Paint Games Music Style",,,,,,,,,,,,,Sonstiges
SNES,George Foreman's KO Boxing,,,,,,,,,,,,,Sport
SNES,Ghoul Patrol,,,,,,,,,,,,,Action
SNES,Gods,,,,,,,,,,,,,Action
SNES,Goof Troop,,,,,,,,,,,,,Action
SNES,GP-1,,,,,,,,,,,,,Action
SNES,Hagane: The Final Conflict,,,,,,,,,,,,,Action
SNES,Harley's Humongous Adventures,,,,,,,,,,,,,Action
SNES,Harvest Moon,,,,,,,,,,,,,Strategie
SNES,Hebereke's Popoitto,,,,,,,,,,,,,Action
SNES,Hebereke's Popoon,,,,,,,,,,,,,Action
SNES,Hole In One Golf,,,,,,,,,,,,,Sport
SNES,Home Alone,,,,,,,,,,,,,Jump & Run
SNES,Home Alone 2: Lost in New York,,,,,,,,,,,,,Jump & Run
SNES,Hook,,,,,,,,,,,,,Jump & Run
SNES,Humans,,,,,,,,,,,,,Action
SNES,Hungry Dinosaurs,,,,,,,,,,,,,Action
SNES,The Hunt for Red October,,,,,,,,,,,,,Action
SNES,Hurricanes,,,,,,,,,,,,,Action
SNES,Hyper V-Ball,,,,,,,,,,,,,Sport
SNES,"Illusion of Time
(US: Illusion of Gaia)",,,,,,,,,,,,,Action
SNES,Incantation,,,,,,,,,,,,,Action
SNES,The Incredible Crash Dummies,,,,,,,,,,,,,Action
SNES,"Incredible Hulk, The",,,,,,,,,,,,,Action
SNES,Indiana Jones' Greatest Adventures,,,,,,,,,,,,,Action
SNES,"International Sensible Soccer: 
World Champions Limited Edition",,,,,,,,,,,,,Sport
SNES,International Superstar Soccer,,,,,,,,,,,,,Sport
SNES,"International Superstar 
Soccer Deluxe",,,,,,,,,,,,,Sport
SNES,International Tennis Tour,,,,,,,,,,,,,Sport
SNES,"Itchy & Scratchy Game, The",,,,,,,,,,,,,Action
SNES,Izzy's Quest for the Olympic Rings,,,,,,,,,,,,,Sport
SNES,Jack Nicklaus Golf,,,,,,,,,,,,,Sport
SNES,James Bond Jr.,,,,,,,,,,,,,Action
SNES,Jelly Boy,,,,,,,,,,,,,Action
SNES,Jimmy Connors Pro Tennis Tour,,,,,,,,,,,,,Sport
SNES,"Joe & Mac 3
(US: Joe & Mac 2: Lost in the Tropics)",,,,,,,,,,,,,Jump & Run
SNES,Joe & Mac: Caveman Ninja,,,,,,,,,,,,,Jump & Run
SNES,John Madden Football '93,,,,,,,,,,,,,Sport
SNES,Judge Dredd,,,,,,,,,,,,,Action
SNES,The (Disney's) Jungle Book,,,,,,,,,,,,,Jump & Run
SNES,Jurassic Park,,,,,,,,,,,,,Action
SNES,"Jurassic Park Part 2: 
The Chaos Continues",,,,,,,,,,,,,Shooter
SNES,Justice League Task Force,,,,,,,,,,,,,Action
SNES,"K.H. Rummenigge's Player Manager
(EU: Kevin Keegan's Player Manager)",,,,,,,,,,,,,Action
SNES,Kawasaki Superbikes,,,,,,,,,,,,,Rennspiel
SNES,Kevin Keegan's Player Manager,,,,,,,,,,,,,Action
SNES,Kick Off,,,,,,,,,,,,,Sport
SNES,Kick Off 3: European Challenge,,,,,,,,,,,,,Sport
SNES,Kid Klown in Crazy Chase,,,,,,,,,,,,,Action
SNES,Killer Instinct,,,,,,,,,,,,,Prügelspiel
SNES,King Arthur's World,,,,,,,,,,,,,Action
SNES,King of Dragons,,,,,,,,,,,,,Action
SNES,King of the Monsters,,,,,,,,,,,,,Action
SNES,Kirby's Dream Course,,,,,,,,,,,,,Jump & Run
SNES,"Kirby's Fun Pak
(US: Kirby Super Star)",,,,,,,,,,,,,Jump & Run
SNES,Kirby's Ghost Trap,,,,,,,,,,,,,Jump & Run
SNES,Krusty's Super Fun House,,,,,,,,,,,,,Action
SNES,Lagoon,,,,,,,,,,,,,Action
SNES,Lamborghini American Challenge,,,,,,,,,,,,,Action
SNES,Last Action Hero,,,,,,,,,,,,,Action
SNES,"Lawnmower Man, The",,,,,,,,,,,,,Action
SNES,Legend,,,,,,,,,,,,,Action
SNES,The Legend of the Mystical Ninja,,,,,,,,,,,,,Action
SNES,Lemmings,,,,,,,,,,,,,Puzzle
SNES,Lemmings 2: The Tribes,,,,,,,,,,,,,Puzzle
SNES,Lethal Weapon,,,,,,,,,,,,,Action
SNES,"Lion King, The",,,,,,,,,,,,,Jump & Run
SNES,Looney Tunes Basketball,,,,,,,,,,,,,Sport
SNES,Looney Tunes: Road Runner,,,,,,,,,,,,,Action
SNES,"J.R.R. Tolkien's The: 
Lord of the Rings Chapter 1",,,,,,,,,,,,,Action
SNES,"Lost Vikings 2, The: 
Norse by Norsewest",,,,,,,,,,,,,Action
SNES,The Lost Vikings,,,,,,,,,,,,,Action
SNES,Lothar Matthaeus Super Soccer,,,,,,,,,,,,,Sport
SNES,Lucky Luke,,,,,,,,,,,,,Action
SNES,Lufia,,,,,,,,,,,,,RPG
SNES,Madden '95,,,,,,,,,,,,,Action
SNES,Madden NFL '94,,,,,,,,,,,,,Action
SNES,Magic Boy,,,,,,,,,,,,,Action
SNES,Magic Sword,,,,,,,,,,,,,Sonstiges
SNES,Major Title,,,,,,,,,,,,,Action
SNES,"Manchester United 
Championship Soccer",,,,,,,,,,,,,Sport
SNES,Mario is Missing!,,,,,,,,,,,,,Jump & Run
SNES,Mario Paint,,,,,,,,,,,,,Sonstiges
SNES,Mario's Time Machine,,,,,,,,,,,,,Jump & Run
SNES,Marko's Magic Football,,,,,,,,,,,,,Action
SNES,"Marvel Super Heroes: 
War of the Gems",,,,,,,,,,,,,Action
SNES,The Mask,,,,,,,,,,,,,Action
SNES,Mechwarrior,,,,,,,,,,,,,Action
SNES,Mechwarrior 3050,,,,,,,,,,,,,Action
SNES,Mega Man 7,,,,,,,,,,,,,Action
SNES,Mega Man X,,,,,,,,,,,,,Action
SNES,Mega Man X2,,,,,,,,,,,,,Action
SNES,Mega Man X3,,,,,,,,,,,,,Action
SNES,Mega-Lo-Mania,,,,,,,,,,,,,Action
SNES,Metal Combat: Falcon's Revenge,,,,,,,,,,,,,Action
SNES,Metal Marines,,,,,,,,,,,,,Action
SNES,"Michael Jordan: 
Chaos in the Windy City",,,,,,,,,,,,,Rennspiel
SNES,Mickey Mania,,,,,,,,,,,,,Jump & Run
SNES,Micro Machines,,,,,,,,,,,,,Rennspiel
SNES,"Micro Machines 2: 
Turbo Tournament",,,,,,,,,,,,,Rennspiel
SNES,Might & Magic II,,,,,,,,,,,,,Action
SNES,"Mighty Morphin Power Rangers: 
The Fighting Edition",,,,,,,,,,,,,Action
SNES,Mohawk & Headphone Jack,,,,,,,,,,,,,Action
SNES,Mortal Kombat,,,,,,,,,,,,,Prügelspiel
SNES,Mortal Kombat 3,,,,,,,,,,,,,Prügelspiel
SNES,Mortal Kombat II,,,,,,,,,,,,,Prügelspiel
SNES,Mr. Do!,,,,,,,,,,,,,Action
SNES,Mr. Nutz,,,,,,,,,,,,,Action
SNES,Ms. Pac-Man,,,,,,,,,,,,,Action
SNES,NBA All-Star Challenge,,,,,,,,,,,,,Action
SNES,NBA Give 'n Go,,,,,,,,,,,,,Action
SNES,NBA Hang Time,,,,,,,,,,,,,Action
SNES,NBA Jam,,,,,,,,,,,,,Action
SNES,NBA Jam Tournament Edition,,,,,,,,,,,,,Action
SNES,NBA Live '95,,,,,,,,,,,,,Action
SNES,NBA Live '96,,,,,,,,,,,,,Action
SNES,NBA Live '97,,,,,,,,,,,,,Action
SNES,"Newman Haas IndyCar 
featuring Nigel Mansell",,,,,,,,,,,,,Rennspiel
SNES,NFL Football,,,,,,,,,,,,,Action
SNES,NFL Quarterback Club,,,,,,,,,,,,,Action
SNES,NFL Quarterback Club '96,,,,,,,,,,,,,Action
SNES,NHL '95,,,,,,,,,,,,,Action
SNES,NHL '96,,,,,,,,,,,,,Action
SNES,NHL '97,,,,,,,,,,,,,Action
SNES,NHL Hockey '94,,,,,,,,,,,,,Sport
SNES,NHLPA Hockey '93,,,,,,,,,,,,,Sport
SNES,"Nigel Mansell's 
World Championship Racing",,,,,,,,,,,,,Rennspiel
SNES,"Ninja Warriors: 
The New Generation",,,,,,,,,,,,,Action
SNES,Olympic Summer Games,,,,,,,,,,,,,Sport
SNES,On the Ball,,,,,,,,,,,,,Action
SNES,Operation Starfish,,,,,,,,,,,,,Action
SNES,Operation: Logic Bomb,,,,,,,,,,,,,Action
SNES,Oscar,,,,,,,,,,,,,Action
SNES,"Out to Lunch, Pierre le Chef is....",,,,,,,,,,,,,Action
SNES,Outlander,,,,,,,,,,,,,Action
SNES,Pac-Attack,,,,,,,,,,,,,Action
SNES,Pac-In-Time,,,,,,,,,,,,,Action
SNES,Pac-Man 2: The New Adventures,,,,,,,,,,,,,Action
SNES,The Pagemaster,,,,,,,,,,,,,Action
SNES,Paperboy 2,,,,,,,,,,,,,Action
SNES,Pebble Beach Golf Links,,,,,,,,,,,,,Sport
SNES,PGA European Tour,,,,,,,,,,,,,Action
SNES,PGA Tour '96,,,,,,,,,,,,,Action
SNES,PGA Tour Golf,,,,,,,,,,,,,Sport
SNES,Phalanx,,,,,,,,,,,,,Action
SNES,Phantom 2040,,,,,,,,,,,,,Action
SNES,Pilotwings,,,,,,,,,,,,,Action
SNES,Pinball Dreams,,,,,,,,,,,,,Sonstiges
SNES,Pinball Fantasies,,,,,,,,,,,,,Sonstiges
SNES,Pink Goes to Hollywood,,,,,,,,,,,,,Action
SNES,The Pirates of Dark Water,,,,,,,,,,,,,Strategie
SNES,Pit-Fighter,,,,,,,,,,,,,Action
SNES,Pitfall: The Mayan Adventure,,,,,,,,,,,,,Action
SNES,Plok,,,,,,,,,,,,,Jump & Run
SNES,Pocky & Rocky 2,,,,,,,,,,,,,Action
SNES,Pop'n TwinBee,,,,,,,,,,,,,Action
SNES,"Pop'n TwinBee: 
Rainbow Bell Adventures",,,,,,,,,,,,,Action
SNES,Populous,,,,,,,,,,,,,Strategie
SNES,"Populous II: 
Trials of the Olympian Gods",,,,,,,,,,,,,Strategie
SNES,Porky Pig's Haunted Holiday,,,,,,,,,,,,,Action
SNES,Power Piggs of the Dark Age,,,,,,,,,,,,,Action
SNES,PowerMonger,,,,,,,,,,,,,Strategie
SNES,Prehistorik Man,,,,,,,,,,,,,Jump & Run
SNES,Primal Rage,,,,,,,,,,,,,Prügelspiel
SNES,Prince of Persia,,,,,,,,,,,,,Jump & Run
SNES,Prince of Persia 2,,,,,,,,,,,,,Jump & Run
SNES,"Push-Over featuring G.I.ANT, 
This Game is no....",,,,,,,,,,,,,Action
SNES,Putty Squad,,,,,,,,,,,,,Action
SNES,Puzzle Bobble: Bust-A-Move,,,,,,,,,,,,,Puzzle
SNES,R-Type III,,,,,,,,,,,,,Shooter
SNES,Race Drivin',,,,,,,,,,,,,Action
SNES,Radical Rex,,,,,,,,,,,,,Action
SNES,"Ranma 1/2
(US: Ranma ½: Hard Battle)",,,,,,,,,,,,,Action
SNES,Realm,,,,,,,,,,,,,Action
SNES,"The Ren & Stimpy Show: 
Time Warp",,,,,,,,,,,,,Action
SNES,"The Ren & Stimpy Show: 
Veediots!",,,,,,,,,,,,,Action
SNES,Revolution X,,,,,,,,,,,,,Action
SNES,Rise of the Robots,,,,,,,,,,,,,Action
SNES,"Rival Turf
(JP: Rushing Beat)",,,,,,,,,,,,,Action
SNES,Road Riot 4WD,,,,,,,,,,,,,Action
SNES,RoboCop 3,,,,,,,,,,,,,Action
SNES,RoboCop vs. Terminator,,,,,,,,,,,,,Action
SNES,Rock 'n' Roll Racing,,,,,,,,,,,,,Rennspiel
SNES,Run Saber,,,,,,,,,,,,,Action
SNES,"Ryan Giggs World Class Soccer
(US: Champions - World Class Soccer)",,,,,,,,,,,,,Sport
SNES,S.O.S. Sink or Swim,,,,,,,,,,,,,Action
SNES,Samurai Shodown,,,,,,,,,,,,,Prügelspiel
SNES,Saturday Night Slammasters,,,,,,,,,,,,,Action
SNES,SeaQuest DSV,,,,,,,,,,,,,Action
SNES,Secret of Mana,,,,,,,,,,,,,RPG
SNES,Shadowrun,,,,,,,,,,,,,Action
SNES,Shanghai II: Dragon's Eye,,,,,,,,,,,,,Action
SNES,Shaq-Fu,,,,,,,,,,,,,Action
SNES,Side Pocket,,,,,,,,,,,,,Sport
SNES,Sim City,,,,,,,,,,,,,Action
SNES,Sim City 2000,,,,,,,,,,,,,Action
SNES,Skyblazer,,,,,,,,,,,,,Action
SNES,Smash Tennis,,,,,,,,,,,,,Sport
SNES,The Smurfs,,,,,,,,,,,,,Jump & Run
SNES,The Smurfs: Travel the World,,,,,,,,,,,,,Jump & Run
SNES,Soccer Kid,,,,,,,,,,,,,Sport
SNES,Soccer Shootout,,,,,,,,,,,,,Sport
SNES,Sonic Blast Man,,,,,,,,,,,,,Action
SNES,Soul Blazer,,,,,,,,,,,,,RPG
SNES,Space Ace,,,,,,,,,,,,,Action
SNES,Space Invaders,,,,,,,,,,,,,Shooter
SNES,Spanky's Quest,,,,,,,,,,,,,Action
SNES,Sparkster,,,,,,,,,,,,,Action
SNES,Spawn,,,,,,,,,,,,,Action
SNES,Spectre,,,,,,,,,,,,,Action
SNES,Spider-Man,,,,,,,,,,,,,Action
SNES,"Spider-Man/Venom: 
Maximum Carnage",,,,,,,,,,,,,Action
SNES,"Spider-Man/X-Men: 
Arcade's Revenge",,,,,,,,,,,,,Action
SNES,Spindizzy Worlds,,,,,,,,,,,,,Action
SNES,Spirou,,,,,,,,,,,,,Action
SNES,"Star Trek Deep Space Nine: 
Crossroads of Time",,,,,,,,,,,,,Action
SNES,"Star Trek The Next Generation: 
Future's Past",,,,,,,,,,,,,Action
SNES,Star Trek: Starfleet Academy,,,,,,,,,,,,,Action
SNES,Stargate,,,,,,,,,,,,,Action
SNES,"Starwing Competition
(US: Star Fox: Super Weekend - Competition Edition)",,,,,,,,,,,,,Action
SNES,Street Fighter Alpha 2,,,,,,,,,,,,,Prügelspiel
SNES,"Street Fighter II Turbo 
Limited Edition",,,,,,,,,,,,,Prügelspiel
SNES,"Street Fighter II: 
The World Warrior",,,,,,,,,,,,,Prügelspiel
SNES,Street Racer,,,,,,,,,,,,,Rennspiel
SNES,Striker,,,,,,,,,,,,,Action
SNES,Stunt Race FX,,,,,,,,,,,,,Action
SNES,Super Adventure Island,,,,,,,,,,,,,Jump & Run
SNES,Super Adventure Island II,,,,,,,,,,,,,Jump & Run
SNES,Super Air Diver,,,,,,,,,,,,,Action
SNES,Super Aleste,,,,,,,,,,,,,Action
SNES,"Super B.C. Kid
(US: Super Bonk)",,,,,,,,,,,,,Action
SNES,Super Battleship,,,,,,,,,,,,,Sonstiges
SNES,Super Battletank,,,,,,,,,,,,,Action
SNES,Super Bomberman,,,,,,,,,,,,,Action
SNES,Super Bomberman 2,,,,,,,,,,,,,Action
SNES,Super Bomberman 3,,,,,,,,,,,,,Action
SNES,Super Castlevania IV,,,,,,,,,,,,,Action
SNES,Super Chase H.Q.,,,,,,,,,,,,,Action
SNES,Super Conflict,,,,,,,,,,,,,Action
SNES,Super Dany,,,,,,,,,,,,,Action
SNES,Super Double Dragon,,,,,,,,,,,,,Prügelspiel
SNES,Super Dropzone,,,,,,,,,,,,,Shooter
SNES,Super Ghouls 'n Ghosts,,,,,,,,,,,,,Action
SNES,Super GOAL!,,,,,,,,,,,,,Sport
SNES,"Super Hockey
(US: NHL Stanley Cup)",,,,,,,,,,,,,Sport
SNES,Super Ice Hockey,,,,,,,,,,,,,Sport
SNES,Super International Cricket,,,,,,,,,,,,,Action
SNES,Super James Pond,,,,,,,,,,,,,Action
SNES,"Super Mario All-Stars 
& Super Mario World",,,,,,,,,,,,,Jump & Run
SNES,"Super Mario World 2 
Yoshi's Island",,,,,,,,,,,,,Puzzle
SNES,Super Metroid,,,,,,,,,,,,,Adventure
SNES,Super Morph,,,,,,,,,,,,,Action
SNES,"Super Nintendo Scope 6
(US: Super Scope 6)",,,,,,,,,,,,,Action
SNES,Super Off Road,,,,,,,,,,,,,Rennspiel
SNES,Super Pang,,,,,,,,,,,,,Action
SNES,Super Pinball: Behind the Mask,,,,,,,,,,,,,Sonstiges
SNES,Super Probotector: Alien Rebels,,,,,,,,,,,,,Action
SNES,Super Putty,,,,,,,,,,,,,Action
SNES,Super R-Type,,,,,,,,,,,,,Shooter
SNES,Super Smash T.V.,,,,,,,,,,,,,Action
SNES,Super Soccer,,,,,,,,,,,,,Sport
SNES,Super Star Wars,,,,,,,,,,,,,Action
SNES,"Super Star Wars: 
Return of the Jedi",,,,,,,,,,,,,Action
SNES,"Super Star Wars: 
The Empire Strikes Back",,,,,,,,,,,,,Action
SNES,Super Street Fighter II,,,,,,,,,,,,,Prügelspiel
SNES,Super Strike Eagle,,,,,,,,,,,,,Action
SNES,"Super Strike Gunner
(US: Strike Gunner S.T.G)",,,,,,,,,,,,,Action
SNES,"Super Swiv
(US: Firepower 2000)",,,,,,,,,,,,,Action
SNES,Super Tennis,,,,,,,,,,,,,Sport
SNES,Super Troll Islands,,,,,,,,,,,,,Action
SNES,Super Turrican,,,,,,,,,,,,,Action
SNES,Super Turrican 2,,,,,,,,,,,,,Action
SNES,Super Widget,,,,,,,,,,,,,Action
SNES,Syndicate,,,,,,,,,,,,,Strategie
SNES,Syvalion,,,,,,,,,,,,,Action
SNES,T2: Terminator 2 Judgment Day,,,,,,,,,,,,,Action
SNES,T2: The Arcade Game,,,,,,,,,,,,,Action
SNES,Taz-Mania,,,,,,,,,,,,,Action
SNES,Tecmo Super NBA Basketball,,,,,,,,,,,,,Sport
SNES,"Teenage Mutant Hero Turtles IV: 
Turtles in Time",,,,,,,,,,,,,Action
SNES,"Teenage Mutant Hero Turtles: 
Tournament Fighters",,,,,,,,,,,,,Prügelspiel
SNES,The Terminator,,,,,,,,,,,,,Action
SNES,Test Drive 2: The Duel,,,,,,,,,,,,,Action
SNES,Tetris & Dr. Mario,,,,,,,,,,,,,Puzzle
SNES,Tetris 2,,,,,,,,,,,,,Puzzle
SNES,Theme Park,,,,,,,,,,,,,Strategie
SNES,Thomas the Tank Engine & Friends,,,,,,,,,,,,,Action
SNES,Time Trax,,,,,,,,,,,,,Action
SNES,Timecop,,,,,,,,,,,,,Action
SNES,Timeslip,,,,,,,,,,,,,Action
SNES,Tintin in Tibet,,,,,,,,,,,,,Action
SNES,"Tiny Toon Adventures: 
Buster Busts Loose!",,,,,,,,,,,,,Jump & Run
SNES,"Tiny Toon: Wild & Wacky Sports
(US: Tiny Toon Adventures: Wacky Sports Challenge)",,,,,,,,,,,,,Jump & Run
SNES,TKO Super Championship Boxing,,,,,,,,,,,,,Sport
SNES,Tom and Jerry,,,,,,,,,,,,,Action
SNES,Top Gear,,,,,,,,,,,,,Rennspiel
SNES,Top Gear 2,,,,,,,,,,,,,Rennspiel
SNES,Total Carnage,,,,,,,,,,,,,Action
SNES,Toy Story,,,,,,,,,,,,,Action
SNES,Toys: Let the Toy Wars begin!,,,,,,,,,,,,,Action
SNES,Troy Aikman NFL Football,,,,,,,,,,,,,Action
SNES,True Lies,,,,,,,,,,,,,Action
SNES,Tuff E Nuff,,,,,,,,,,,,,Action
SNES,Turbo Toons,,,,,,,,,,,,,Action
SNES,Turn & Burn: No Fly Zone,,,,,,,,,,,,,Action
SNES,U.N. Squadron,,,,,,,,,,,,,Shooter
SNES,Ultimate Mortal Kombat 3,,,,,,,,,,,,,Prügelspiel
SNES,Ultraman,,,,,,,,,,,,,Action
SNES,Unirally,,,,,,,,,,,,,Rennspiel
SNES,"Urban Strike: 
The Sequel to Jungle Strike",,,,,,,,,,,,,Action
SNES,Utopia: The Creation of a Nation,,,,,,,,,,,,,Action
SNES,"Val d'Isere Championship
(US: Tommy Moe's Winter Extreme - Skiing and Snowboarding)",,,,,,,,,,,,,Action
SNES,Vegas Stakes,,,,,,,,,,,,,Action
SNES,"Venom/Spider-Man: 
Separation Anxiety",,,,,,,,,,,,,Action
SNES,Virtual Bart,,,,,,,,,,,,,Action
SNES,Virtual Soccer,,,,,,,,,,,,,Sport
SNES,Vortex,,,,,,,,,,,,,Action
SNES,Warlock,,,,,,,,,,,,,Action
SNES,WarpSpeed,,,,,,,,,,,,,Action
SNES,Waterworld,,,,,,,,,,,,,Action
SNES,Wayne's World,,,,,,,,,,,,,Action
SNES,We're Back: A Dinosaur's Story,,,,,,,,,,,,,Action
SNES,"Where in the World is 
Carmen Sandiego?",,,,,,,,,,,,,Action
SNES,Whirlo,,,,,,,,,,,,,Action
SNES,Whizz,,,,,,,,,,,,,Action
SNES,Wild Guns,,,,,,,,,,,,,Action
SNES,Wing Commander,,,,,,,,,,,,,Action
SNES,"Wing Commander: 
The Secret Missions",,,,,,,,,,,,,Action
SNES,Winter Gold,,,,,,,,,,,,,Action
SNES,Winter Olympics: Lillehammer '94,,,,,,,,,,,,,Sport
SNES,Wolfenstein 3D,,,,,,,,,,,,,Action
SNES,Wolverine Adamantium Rage,,,,,,,,,,,,,Action
SNES,World Class Rugby,,,,,,,,,,,,,Action
SNES,World Cup Striker,,,,,,,,,,,,,Sport
SNES,World Cup USA '94,,,,,,,,,,,,,Sport
SNES,World Heroes,,,,,,,,,,,,,Prügelspiel
SNES,"World League Basketball
(US: NCAA Basketball)",,,,,,,,,,,,,Sport
SNES,World Masters Golf,,,,,,,,,,,,,Sport
SNES,Worms,,,,,,,,,,,,,Action
SNES,WWF Raw,,,,,,,,,,,,,Action
SNES,WWF Royal Rumble,,,,,,,,,,,,,Action
SNES,WWF Super Wrestlemania,,,,,,,,,,,,,Action
SNES,"WWF Wrestlemania: 
The Arcade Game",,,,,,,,,,,,,Action
SNES,X-Kaliber 2097,,,,,,,,,,,,,Action
SNES,X-Men: Mutant Apocalypse,,,,,,,,,,,,,Action
SNES,Yogi Bear's Cartoon Capers,,,,,,,,,,,,,Action
SNES,Yoshi's Cookie,,,,,,,,,,,,,Puzzle
SNES,Yoshi's Safari,,,,,,,,,,,,,Puzzle
SNES,Young Merlin,,,,,,,,,,,,,Action
SNES,Zero the Kamikaze Squirrel,,,,,,,,,,,,,Jump & Run
SNES,Zombies,,,,,,,,,,,,,Action
SNES,Zool: Ninja of the Nth Dimension,,,,,,,,,,,,,Jump & Run
SNES,Zoop,,,,,,,,,,,,,Puzzle
Game Boy,Wario Land: Super Mario Land 3,10.03.2026,2h44m,NEIN,8,9,8,5,8,"8,11","8,22","8,20",https://youtu.be/AU5oas8hXXI,Jump & Run
Game Boy,Dr. Mario,10.03.2026,0h17m,NEIN,8,5,5,5,7,"6,61","6,56","6,57",https://youtu.be/cOePpRFuH0w,Puzzle
Game Boy,Rampart,11.03.2026,0h36m,JA,5,4,7,5,6,"6,02","5,44","5,55",https://youtu.be/0AQ6AVvKq5k,Strategie
Game Boy,Earthworm Jim,13.03.2026,0h28m,JA,6,8,7,5,6,"4,74","6,56","6,23",https://youtu.be/h08WT7bRRZc,Jump & Run
Game Boy,NBA All-Star Challenge 2,16.03.2026,0h15m,JA,3,6,5,7,2,"3,10","3,44","3,38",https://www.youtube.com/live/pftze2W1vTA?si=YniRSQKMfACgEkQJ&t=19308,Action
Game Boy,Spy vs. Spy: Operation Boobytrap,22.03.2026,0h08m,JA,4,6,5,4,0,"1,10","2,78","2,47",https://www.youtube.com/live/dw61uyWsgeY?si=5fLdCqvugUfBfZi1&t=15759,Action
Game Boy,Felix the Cat,30.03.2026,0h22m,JA,7,6,8,2,8,"6,46","7,33","7,17",https://www.youtube.com/live/3H_HC7R0NcU?si=fjLlhW9ngGpvCT-S&t=15269,Jump & Run
Game Boy,Pang,09.04.2026,0h11m,JA,5,3,5,7,3,"3,53","3,67","3,64",https://www.youtube.com/live/rkIkvxVD6cc?si=UqKolkw5LcXlBv0u&t=10320,Action
Game Boy,Adventures of Lolo,09.04.2026,0h21m,JA,5,6,5,8,7,"5,20","6,11","5,95",https://www.youtube.com/live/rkIkvxVD6cc?si=udNo_yV4K_6VXiis&t=11516,Puzzle
Game Boy,4-in-1 Fun Pak,,,,,,,,,,,,,Sonstiges
Game Boy,4-in-1 Funpak: Volume II,,,,,,,,,,,,,Sonstiges
Game Boy,Adventure Island,,,,,,,,,,,,,Jump & Run
Game Boy,Adventure Island II,,,,,,,,,,,,,Jump & Run
Game Boy,Aerostar,,,,,,,,,,,,,Action
Game Boy,Aladdin,,,,,,,,,,,,,Jump & Run
Game Boy,Alfred Chicken,,,,,,,,,,,,,Jump & Run
Game Boy,Alien Olympics 2044 AD,,,,,,,,,,,,,Sport
Game Boy,Alien3,,,,,,,,,,,,,Action
Game Boy,Alleyway,,,,,,,,,,,,,Action
Game Boy,"Altered Space: A 3-D 
Alien Adventure",,,,,,,,,,,,,Action
Game Boy,Amazing Penguin,,,,,,,,,,,,,Action
Game Boy,Animaniacs,,,,,,,,,,,,,Action
Game Boy,"Arcade Classic No. 1: 
Asteroids/Missile Command",,,,,,,,,,,,,Action
Game Boy,"Arcade Classic No. 2: 
Centipede/Millipede",,,,,,,,,,,,,Action
Game Boy,"Arcade Classic No. 3: 
Galaga/Galaxian",,,,,,,,,,,,,Shooter
Game Boy,"Arcade Classic No. 4: 
Defender/Joust",,,,,,,,,,,,,Action
Game Boy,"Arcade Classics: 
Super Breakout/Battlezone",,,,,,,,,,,,,Sonstiges
Game Boy,Asterix,,,,,,,,,,,,,Jump & Run
Game Boy,Asterix & Obelix,,,,,,,,,,,,,Jump & Run
Game Boy,Asteroids,,,,,,,,,,,,,Action
Game Boy,Attack of the Killer Tomatoes,,,,,,,,,,,,,Action
Game Boy,Avenging Spirit,,,,,,,,,,,,,Action
Game Boy,"B.C. Kid
(US: Bonk's Adventure)",,,,,,,,,,,,,Action
Game Boy,"B.C. Kid 2
(US: Bonk's Revenge)",,,,,,,,,,,,,Action
Game Boy,Baby T-Rex / Bamse,,,,,,,,,,,,,Action
Game Boy,Balloon Kid,,,,,,,,,,,,,Action
Game Boy,Barbie: Game Girl,,,,,,,,,,,,,Action
Game Boy,"Bart Simpson's Escape from 
Camp Deadly",,,,,,,,,,,,,Action
Game Boy,Baseball,,,,,,,,,,,,,Sport
Game Boy,Batman Forever,,,,,,,,,,,,,Action
Game Boy,Batman: Return of the Joker,,,,,,,,,,,,,Action
Game Boy,Batman: The Animated Series,,,,,,,,,,,,,Action
Game Boy,Batman: The Video Game,,,,,,,,,,,,,Action
Game Boy,Battle Arena Toshinden,,,,,,,,,,,,,Action
Game Boy,Battle Unit Zeoth,,,,,,,,,,,,,Action
Game Boy,Battleship,,,,,,,,,,,,,Sonstiges
Game Boy,Battletoads,,,,,,,,,,,,,Prügelspiel
Game Boy,"Battletoads & Double Dragon: 
The Ultimate Team",,,,,,,,,,,,,RPG
Game Boy,Battletoads in Ragnarok's World,,,,,,,,,,,,,Prügelspiel
Game Boy,Beavis and Butt-head,,,,,,,,,,,,,Action
Game Boy,"Beethoven: 
The Ultimate Canine Caper",,,,,,,,,,,,,RPG
Game Boy,"Best of the Best: 
Championship Karate",,,,,,,,,,,,,Prügelspiel
Game Boy,"Bill & Ted's Excellent Game Boy 
Adventure: A Bogus Journey!",,,,,,,,,,,,,Action
Game Boy,Bionic Commando,,,,,,,,,,,,,Action
Game Boy,Blades of Steel,,,,,,,,,,,,,Action
Game Boy,Blaster Master Jr.,,,,,,,,,,,,,Action
Game Boy,Bomb Jack,,,,,,,,,,,,,Action
Game Boy,Bomberman GB,,,,,,,,,,,,,Action
Game Boy,Boulder Dash,,,,,,,,,,,,,Puzzle
Game Boy,Boxxle,,,,,,,,,,,,,Puzzle
Game Boy,Boxxle II,,,,,,,,,,,,,Puzzle
Game Boy,Brain Drain,,,,,,,,,,,,,Action
Game Boy,Brainbender,,,,,,,,,,,,,Action
Game Boy,Bram Stoker's Dracula,,,,,,,,,,,,,Action
Game Boy,Bubble Bobble,,,,,,,,,,,,,Action
Game Boy,Bubble Bobble Part 2,,,,,,,,,,,,,Action
Game Boy,Bubble Ghost,,,,,,,,,,,,,Action
Game Boy,Bubsy II,,,,,,,,,,,,,Jump & Run
Game Boy,Burai Fighter Deluxe,,,,,,,,,,,,,Shooter
Game Boy,BurgerTime Deluxe,,,,,,,,,,,,,Action
Game Boy,Bust-A-Move 2: Arcade Edition,,,,,,,,,,,,,Puzzle
Game Boy,Bust-a-Move 3 DX,,,,,,,,,,,,,Puzzle
Game Boy,Caesars Palace,,,,,,,,,,,,,Action
Game Boy,Casino FunPak,,,,,,,,,,,,,Sonstiges
Game Boy,Casper,,,,,,,,,,,,,Action
Game Boy,Castelian,,,,,,,,,,,,,Action
Game Boy,Castle Quest,,,,,,,,,,,,,Action
Game Boy,Castlevania II: Belmont's Revenge,,,,,,,,,,,,,Action
Game Boy,Castlevania Legends,,,,,,,,,,,,,Action
Game Boy,Castlevania: The Adventure,,,,,,,,,,,,,Action
Game Boy,Centipede,,,,,,,,,,,,,Action
Game Boy,Chase H.Q.,,,,,,,,,,,,,Action
Game Boy,Choplifter II,,,,,,,,,,,,,Action
Game Boy,Choplifter III,,,,,,,,,,,,,Action
Game Boy,Chuck Rock,,,,,,,,,,,,,Action
Game Boy,Cliffhanger,,,,,,,,,,,,,Action
Game Boy,Cool Hand,,,,,,,,,,,,,Action
Game Boy,Cool Spot,,,,,,,,,,,,,Jump & Run
Game Boy,Cool World,,,,,,,,,,,,,Action
Game Boy,Cutthroat Island,,,,,,,,,,,,,Action
Game Boy,Daffy Duck: The Marvin Missions,,,,,,,,,,,,,Action
Game Boy,Darkwing Duck,,,,,,,,,,,,,Action
Game Boy,"David Crane's The Rescue 
of Princess Blobette",,,,,,,,,,,,,Action
Game Boy,Days of Thunder,,,,,,,,,,,,,Rennspiel
Game Boy,Dennis,,,,,,,,,,,,,Action
Game Boy,Desert Strike: Return to the Gulf,,,,,,,,,,,,,Action
Game Boy,Dexterity,,,,,,,,,,,,,Action
Game Boy,Die Maus,,,,,,,,,,,,,Action
Game Boy,Dig Dug,,,,,,,,,,,,,Action
Game Boy,Donkey Kong,,,,,,,,,,,,,Jump & Run
Game Boy,Donkey Kong Land,,,,,,,,,,,,,Jump & Run
Game Boy,Donkey Kong Land 2,,,,,,,,,,,,,Jump & Run
Game Boy,Donkey Kong Land III,,,,,,,,,,,,,Jump & Run
Game Boy,Double Dragon,,,,,,,,,,,,,Prügelspiel
Game Boy,Double Dragon 3: The Arcade Game,,,,,,,,,,,,,Prügelspiel
Game Boy,Double Dragon II,,,,,,,,,,,,,Prügelspiel
Game Boy,Dr. Franken,,,,,,,,,,,,,Action
Game Boy,Dr. Franken II,,,,,,,,,,,,,Action
Game Boy,DragonHeart,,,,,,,,,,,,,Action
Game Boy,Dragon's Lair: The Legend,,,,,,,,,,,,,Action
Game Boy,Dropzone,,,,,,,,,,,,,Shooter
Game Boy,DuckTales,,,,,,,,,,,,,Action
Game Boy,DuckTales 2,,,,,,,,,,,,,Action
Game Boy,"Dynablaster
(US: Atomic Punk)",,,,,,,,,,,,,Action
Game Boy,Elevator Action,,,,,,,,,,,,,Action
Game Boy,F1 Pole Position,,,,,,,,,,,,,Action
Game Boy,F-1 Race,,,,,,,,,,,,,Action
Game Boy,F-15 Strike Eagle,,,,,,,,,,,,,Shooter
Game Boy,Ferrari Grand Prix Challenge,,,,,,,,,,,,,Rennspiel
Game Boy,FIFA 97,,,,,,,,,,,,,Sport
Game Boy,FIFA International Soccer,,,,,,,,,,,,,Sport
Game Boy,FIFA Soccer 96,,,,,,,,,,,,,Sport
Game Boy,FIFA: Road to World Cup 98,,,,,,,,,,,,,Sport
Game Boy,"Fighting Simulator: 
2-in-1 Flying Warriors",,,,,,,,,,,,,Action
Game Boy,Fire Fighter,,,,,,,,,,,,,Action
Game Boy,Football International,,,,,,,,,,,,,Sport
Game Boy,Foreman for Real,,,,,,,,,,,,,Action
Game Boy,Fortified Zone,,,,,,,,,,,,,Action
Game Boy,Frank Thomas Big Hurt Baseball,,,,,,,,,,,,,Sport
Game Boy,"Franky, Joe & Dirk: On The Tiles",,,,,,,,,,,,,Action
Game Boy,Game & Watch Gallery,,,,,,,,,,,,,Action
Game Boy,Game Boy Gallery,,,,,,,,,,,,,Action
Game Boy,Garfield Labyrinth,,,,,,,,,,,,,Sport
Game Boy,Gargoyle's Quest: Ghosts'n Goblins,,,,,,,,,,,,,Action
Game Boy,Gauntlet II,,,,,,,,,,,,,Action
Game Boy,Gear Works,,,,,,,,,,,,,Action
Game Boy,George Foreman's KO Boxing,,,,,,,,,,,,,Sport
Game Boy,Ghostbusters II,,,,,,,,,,,,,Action
Game Boy,"Glücksrad
(US: Wheel of Fortune)",,,,,,,,,,,,,Action
Game Boy,Goal!,,,,,,,,,,,,,Sport
Game Boy,Godzilla,,,,,,,,,,,,,Action
Game Boy,Golf,,,,,,,,,,,,,Sport
Game Boy,Golf Classic,,,,,,,,,,,,,Sport
Game Boy,Gremlins 2: The New Batch,,,,,,,,,,,,,Action
Game Boy,"Hammerin' Harry: 
Ghost Building Company",,,,,,,,,,,,,Action
Game Boy,Hercules,,,,,,,,,,,,,Action
Game Boy,Home Alone,,,,,,,,,,,,,Jump & Run
Game Boy,Home Alone 2: Lost in New York,,,,,,,,,,,,,Jump & Run
Game Boy,Hook,,,,,,,,,,,,,Jump & Run
Game Boy,Hugo,,,,,,,,,,,,,Action
Game Boy,Hugo 2,,,,,,,,,,,,,Action
Game Boy,"Hyper Lode Runner: 
The Labyrinth of Doom",,,,,,,,,,,,,Shooter
Game Boy,"HyperDunk
(US:Double Dribble: 5 on 5)",,,,,,,,,,,,,Action
Game Boy,Indiana Jones and the Last Crusade,,,,,,,,,,,,,Action
Game Boy,"InfoGenius Productivity Pak: 
Berlitz French Translator",,,,,,,,,,,,,Action
Game Boy,"InfoGenius Productivity Pak: 
Berlitz Spanish Translator",,,,,,,,,,,,,Action
Game Boy,"InfoGenius Productivity Pak: 
Personal Organizer and Phone Book",,,,,,,,,,,,,Action
Game Boy,International Superstar Soccer,,,,,,,,,,,,,Sport
Game Boy,"Iron Man / X-O Manowar
in Heavy Metal",,,,,,,,,,,,,Action
Game Boy,Jack Nicklaus Golf,,,,,,,,,,,,,Sport
Game Boy,James Bond 007,,,,,,,,,,,,,Action
Game Boy,Jelly Boy,,,,,,,,,,,,,Action
Game Boy,Jimmy Connors Tennis,,,,,,,,,,,,,Sport
Game Boy,Joe & Mac: Caveman Ninja,,,,,,,,,,,,,Jump & Run
Game Boy,Jordan vs. Bird: One on One,,,,,,,,,,,,,Action
Game Boy,Judge Dredd,,,,,,,,,,,,,Action
Game Boy,Jungle Strike,,,,,,,,,,,,,Action
Game Boy,Jurassic Park,,,,,,,,,,,,,Action
Game Boy,"Jurassic Park Part 2: 
The Chaos Continues",,,,,,,,,,,,,Shooter
Game Boy,Kid Dracula,,,,,,,,,,,,,Action
Game Boy,Kid Icarus: Of Myths and Monsters,,,,,,,,,,,,,Action
Game Boy,Killer Instinct,,,,,,,,,,,,,Prügelspiel
Game Boy,"King of the Zoo
(US: Penguin Wars)",,,,,,,,,,,,,Action
Game Boy,Kirby's Block Ball,,,,,,,,,,,,,Jump & Run
Game Boy,Kirby's Dream Land,,,,,,,,,,,,,Jump & Run
Game Boy,Kirby's Dream Land 2,,,,,,,,,,,,,Jump & Run
Game Boy,Kirby's Pinball Land,,,,,,,,,,,,,Sonstiges
Game Boy,Kirby's Star Stacker,,,,,,,,,,,,,Jump & Run
Game Boy,Klax,,,,,,,,,,,,,Action
Game Boy,Konami Golf,,,,,,,,,,,,,Sport
Game Boy,Krusty's Fun House,,,,,,,,,,,,,Action
Game Boy,Kung-Fu Master,,,,,,,,,,,,,Prügelspiel
Game Boy,Kwirk,,,,,,,,,,,,,Action
Game Boy,Lamborghini American Challenge,,,,,,,,,,,,,Action
Game Boy,Last Action Hero,,,,,,,,,,,,,Action
Game Boy,Lemmings,,,,,,,,,,,,,Puzzle
Game Boy,Lemmings 2: The Tribes,,,,,,,,,,,,,Puzzle
Game Boy,Lethal Weapon,,,,,,,,,,,,,Action
Game Boy,Lingo,,,,,,,,,,,,,Action
Game Boy,Lock'n' Chase,,,,,,,,,,,,,Action
Game Boy,Looney Tunes,,,,,,,,,,,,,Action
Game Boy,"Looney Tunes 2: 
Tazmanian Devil in Island Chase",,,,,,,,,,,,,Action
Game Boy,Loopz,,,,,,,,,,,,,Action
Game Boy,Lucky Luke,,,,,,,,,,,,,Action
Game Boy,Lucle,,,,,,,,,,,,,Action
Game Boy,Madden'95,,,,,,,,,,,,,Action
Game Boy,Madden'96,,,,,,,,,,,,,Action
Game Boy,Magnetic Soccer,,,,,,,,,,,,,Sport
Game Boy,Marble Madness,,,,,,,,,,,,,Puzzle
Game Boy,Mario & Yoshi,,,,,,,,,,,,,Puzzle
Game Boy,Mario's Picross,,,,,,,,,,,,,Jump & Run
Game Boy,"Matthias Sammer Soccer
(US: J League: Big Wave Soccer)",,,,,,,,,,,,,Sport
Game Boy,Max,,,,,,,,,,,,,Action
Game Boy,"McDonaldland
(US: Spot: The Cool Adventure)",,,,,,,,,,,,,Action
Game Boy,Mega Man II,,,,,,,,,,,,,Action
Game Boy,Mega Man III,,,,,,,,,,,,,Action
Game Boy,Mega Man IV,,,,,,,,,,,,,Action
Game Boy,Mega Man V,,,,,,,,,,,,,Action
Game Boy,Mega Man: Dr. Wily's Revenge,,,,,,,,,,,,,Action
Game Boy,Megalit,,,,,,,,,,,,,Action
Game Boy,Mercenary Force,,,,,,,,,,,,,Action
Game Boy,Metroid II: Return of Samus,,,,,,,,,,,,,Adventure
Game Boy,Mickey Mouse,,,,,,,,,,,,,Action
Game Boy,Mickey Mouse: Magic Wands!,,,,,,,,,,,,,Action
Game Boy,Mickey's Dangerous Chase,,,,,,,,,,,,,Action
Game Boy,Mickey's Ultimate Challenge,,,,,,,,,,,,,RPG
Game Boy,Micro Machines,,,,,,,,,,,,,Rennspiel
Game Boy,"Micro Machines 2: 
Turbo Tournament",,,,,,,,,,,,,Rennspiel
Game Boy,Mighty Morphin Power Rangers,,,,,,,,,,,,,Action
Game Boy,"Mighty Morphin Power Rangers: 
The Movie",,,,,,,,,,,,,Action
Game Boy,Milon's Secret Castle,,,,,,,,,,,,,Action
Game Boy,Missile Command,,,,,,,,,,,,,Action
Game Boy,Mole Mania,,,,,,,,,,,,,Action
Game Boy,Monopoly,,,,,,,,,,,,,Sonstiges
Game Boy,Monster Max,,,,,,,,,,,,,Action
Game Boy,Monster Truck Wars,,,,,,,,,,,,,Action
Game Boy,Montezuma's Return,,,,,,,,,,,,,Action
Game Boy,Mortal Kombat,,,,,,,,,,,,,Prügelspiel
Game Boy,Mortal Kombat 3,,,,,,,,,,,,,Prügelspiel
Game Boy,Mortal Kombat I & II,,,,,,,,,,,,,Prügelspiel
Game Boy,Mortal Kombat II,,,,,,,,,,,,,Prügelspiel
Game Boy,Motocross Maniacs,,,,,,,,,,,,,Rennspiel
Game Boy,Mr. Do!,,,,,,,,,,,,,Action
Game Boy,Mr. Nutz,,,,,,,,,,,,,Action
Game Boy,Ms. Pac-Man,,,,,,,,,,,,,Action
Game Boy,Muhammad Ali Heavyweight Boxing,,,,,,,,,,,,,Sport
Game Boy,Mulan,,,,,,,,,,,,,Action
Game Boy,"Mystic Quest
(US: Final Fantasy Adventure)",,,,,,,,,,,,,RPG
Game Boy,Mystical Ninja Starring Goemon,,,,,,,,,,,,,Action
Game Boy,Nail'n' Scale,,,,,,,,,,,,,Action
Game Boy,Navy SEALs,,,,,,,,,,,,,Action
Game Boy,NBA All-Star Challenge,,,,,,,,,,,,,Action
Game Boy,NBA Jam,,,,,,,,,,,,,Action
Game Boy,NBA Jam: Tournament Edition,,,,,,,,,,,,,Action
Game Boy,NBA Live 96,,,,,,,,,,,,,Action
Game Boy,Nemesis,,,,,,,,,,,,,Action
Game Boy,"Nemesis II: 
The Return of the Hero",,,,,,,,,,,,,Action
Game Boy,NFL Quarterback Club,,,,,,,,,,,,,Action
Game Boy,NFL Quarterback Club 96,,,,,,,,,,,,,Action
Game Boy,NFL Quarterback Club II,,,,,,,,,,,,,Action
Game Boy,NHL 96,,,,,,,,,,,,,Action
Game Boy,NHL Hockey 95,,,,,,,,,,,,,Sport
Game Boy,"Nigel Mansell's 
World Championship Racing",,,,,,,,,,,,,Rennspiel
Game Boy,Ninja Boy,,,,,,,,,,,,,Action
Game Boy,Ninja Boy 2,,,,,,,,,,,,,Action
Game Boy,Nintendo World Cup,,,,,,,,,,,,,Sport
Game Boy,Oddworld Adventures,,,,,,,,,,,,,Action
Game Boy,"Olympic Summer Games: 
Atlanta 1996",,,,,,,,,,,,,Sport
Game Boy,Othello,,,,,,,,,,,,,Action
Game Boy,"Ottos Ottifanten: 
Baby Brunos's Nightmare",,,,,,,,,,,,,Action
Game Boy,Pac-In-Time,,,,,,,,,,,,,Action
Game Boy,Pac-Man,,,,,,,,,,,,,Action
Game Boy,"Pac-Panic
(US: Pac-Attack)",,,,,,,,,,,,,Action
Game Boy,Palamedes,,,,,,,,,,,,,Puzzle
Game Boy,Paperboy,,,,,,,,,,,,,Action
Game Boy,Paperboy 2,,,,,,,,,,,,,Action
Game Boy,Parasol Stars: Rainbow Islands II,,,,,,,,,,,,,Jump & Run
Game Boy,Parodius,,,,,,,,,,,,,Shooter
Game Boy,PGA European Tour,,,,,,,,,,,,,Action
Game Boy,PGA Tour 96,,,,,,,,,,,,,Action
Game Boy,"Phantom Air Mission
(US: Turn and Burn: The F-14 Dogfight Simulator)",,,,,,,,,,,,,Shooter
Game Boy,Pierre le Chef is... Out to Lunch,,,,,,,,,,,,,Action
Game Boy,Pinball Deluxe,,,,,,,,,,,,,Sonstiges
Game Boy,Pinball Dreams,,,,,,,,,,,,,Sonstiges
Game Boy,Pinball Fantasies,,,,,,,,,,,,,Sonstiges
Game Boy,Pinball Mania,,,,,,,,,,,,,Sonstiges
Game Boy,Pinball: Revenge of the'Gator,,,,,,,,,,,,,Sonstiges
Game Boy,Pinocchio,,,,,,,,,,,,,Action
Game Boy,Pit-Fighter,,,,,,,,,,,,,Action
Game Boy,Pocahontas,,,,,,,,,,,,,Action
Game Boy,Pocket Bomberman,,,,,,,,,,,,,Action
Game Boy,Pokémon Blue,,,,,,,,,,,,,RPG
Game Boy,Pokémon Red,,,,,,,,,,,,,RPG
Game Boy,"Pokémon Yellow: 
Special Pikachu Edition",,,,,,,,,,,,,RPG
Game Boy,"Pop Up
(US: Cool Ball)",,,,,,,,,,,,,Action
Game Boy,Popeye 2,,,,,,,,,,,,,Action
Game Boy,Pop'n TwinBee,,,,,,,,,,,,,Action
Game Boy,Populous,,,,,,,,,,,,,Strategie
Game Boy,Power Racer,,,,,,,,,,,,,Rennspiel
Game Boy,Prehistorik Man,,,,,,,,,,,,,Jump & Run
Game Boy,Primal Rage,,,,,,,,,,,,,Prügelspiel
Game Boy,Prince of Persia,,,,,,,,,,,,,Jump & Run
Game Boy,"Probotector
(US: Operation C)",,,,,,,,,,,,,Action
Game Boy,"Probotector 2
(US: Contra: The Alien Wars)",,,,,,,,,,,,,Action
Game Boy,Prophecy: The Viking Child,,,,,,,,,,,,,Action
Game Boy,Q*bert for Game Boy,,,,,,,,,,,,,Action
Game Boy,Qix,,,,,,,,,,,,,Puzzle
Game Boy,Race Days,,,,,,,,,,,,,Action
Game Boy,Race Drivin',,,,,,,,,,,,,Action
Game Boy,Radar Mission,,,,,,,,,,,,,Action
Game Boy,Raging Fighter,,,,,,,,,,,,,Action
Game Boy,Reservoir Rat,,,,,,,,,,,,,Action
Game Boy,Riddick Bowe Boxing,,,,,,,,,,,,,Sport
Game Boy,Road Rash,,,,,,,,,,,,,Action
Game Boy,Robin Hood: Prince of Thieves,,,,,,,,,,,,,Action
Game Boy,RoboCop,,,,,,,,,,,,,Action
Game Boy,RoboCop Versus The Terminator,,,,,,,,,,,,,Action
Game Boy,Rod Land,,,,,,,,,,,,,Action
Game Boy,R-Type,,,,,,,,,,,,,Shooter
Game Boy,R-Type II,,,,,,,,,,,,,Shooter
Game Boy,Samurai Shodown,,,,,,,,,,,,,Prügelspiel
Game Boy,Sea Battle,,,,,,,,,,,,,Action
Game Boy,seaQuest DSV,,,,,,,,,,,,,Action
Game Boy,"Sensible Soccer: 
European Champions",,,,,,,,,,,,,Sport
Game Boy,"Shadow Warriors: Ninja Gaiden
(US: Ninja Gaiden Shadow)",,,,,,,,,,,,,Action
Game Boy,Side Pocket,,,,,,,,,,,,,Sport
Game Boy,Skate or Die: Bad'N Rad,,,,,,,,,,,,,Sport
Game Boy,Small Soldiers,,,,,,,,,,,,,Action
Game Boy,Sneaky Snakes,,,,,,,,,,,,,Action
Game Boy,Snoopy's Magic Show,,,,,,,,,,,,,Action
Game Boy,Snow Bros. Jr.,,,,,,,,,,,,,Action
Game Boy,Soccer,,,,,,,,,,,,,Sport
Game Boy,SolarStriker,,,,,,,,,,,,,Action
Game Boy,Solitaire FunPak,,,,,,,,,,,,,Sonstiges
Game Boy,Solomon's Club,,,,,,,,,,,,,Action
Game Boy,Space Invaders,,,,,,,,,,,,,Shooter
Game Boy,Spanky's Quest,,,,,,,,,,,,,Action
Game Boy,Speedball 2: Brutal Deluxe,,,,,,,,,,,,,Action
Game Boy,Speedy Gonzales,,,,,,,,,,,,,Action
Game Boy,"Spider-Man 3: 
Invasion of the Spider-Slayers",,,,,,,,,,,,,Action
Game Boy,"Spider-Man and the X-Men 
in Arcade's Revenge",,,,,,,,,,,,,Action
Game Boy,Spirou,,,,,,,,,,,,,Action
Game Boy,Splitz,,,,,,,,,,,,,Action
Game Boy,Sports Illustrated: Golf Classic,,,,,,,,,,,,,Sport
Game Boy,Spot: The Video Game,,,,,,,,,,,,,Action
Game Boy,"Star Trek Generations: 
Beyond the Nexus",,,,,,,,,,,,,Action
Game Boy,Star Trek: 25th Anniversary,,,,,,,,,,,,,Action
Game Boy,Star Trek: The Next Generation,,,,,,,,,,,,,Action
Game Boy,Star Wars,,,,,,,,,,,,,Action
Game Boy,"Star Wars: 
The Empire Strikes Back",,,,,,,,,,,,,Action
Game Boy,Stargate,,,,,,,,,,,,,Action
Game Boy,StarHawk,,,,,,,,,,,,,Action
Game Boy,Street Fighter II,,,,,,,,,,,,,Prügelspiel
Game Boy,Street Racer,,,,,,,,,,,,,Rennspiel
Game Boy,Sunsoft Grand Prix,,,,,,,,,,,,,Rennspiel
Game Boy,Super Battletank: War in the Gulf,,,,,,,,,,,,,Action
Game Boy,Super Chase H.Q.,,,,,,,,,,,,,Action
Game Boy,Super Hunchback,,,,,,,,,,,,,Action
Game Boy,Super James Pond,,,,,,,,,,,,,Action
Game Boy,Super Kick Off,,,,,,,,,,,,,Sport
Game Boy,Super Mario Land,,,,,,,,,,,,,Jump & Run
Game Boy,"Super Mario Land 2: 
6 Golden Coins",,,,,,,,,,,,,Jump & Run
Game Boy,Super R.C. Pro-Am,,,,,,,,,,,,,Action
Game Boy,"Super Star Wars: 
Return of the Jedi",,,,,,,,,,,,,Action
Game Boy,Superman,,,,,,,,,,,,,Action
Game Boy,Swamp Thing,,,,,,,,,,,,,Action
Game Boy,T2: The Arcade Game,,,,,,,,,,,,,Action
Game Boy,Tail'Gator,,,,,,,,,,,,,Action
Game Boy,TaleSpin,,,,,,,,,,,,,Action
Game Boy,Tamagotchi,,,,,,,,,,,,,Action
Game Boy,Tarzan: Lord of the Jungle,,,,,,,,,,,,,Action
Game Boy,Taz-Mania,,,,,,,,,,,,,Action
Game Boy,"Teenage Mutant Hero Turtles II: 
Back From the Sewers",,,,,,,,,,,,,Prügelspiel
Game Boy,"Teenage Mutant Hero Turtles III: 
Radical Rescue",,,,,,,,,,,,,Prügelspiel
Game Boy,"Teenage Mutant Hero Turtles: 
Fall of the Foot Clan",,,,,,,,,,,,,Action
Game Boy,Tennis,,,,,,,,,,,,,Sport
Game Boy,Terminator 2: Judgment Day,,,,,,,,,,,,,Action
Game Boy,Tesserae,,,,,,,,,,,,,Action
Game Boy,Tetris,,,,,,,,,,,,,Puzzle
Game Boy,Tetris 2,,,,,,,,,,,,,Puzzle
Game Boy,Tetris Attack,,,,,,,,,,,,,Puzzle
Game Boy,Tetris Blast,,,,,,,,,,,,,Puzzle
Game Boy,Tetris Plus,,,,,,,,,,,,,Puzzle
Game Boy,The Addams Family,,,,,,,,,,,,,Jump & Run
Game Boy,"The Addams Family: 
Pugsley's Scavenger Hunt",,,,,,,,,,,,,Jump & Run
Game Boy,The Adventures of Star Saver,,,,,,,,,,,,,Action
Game Boy,The Amazing Spider-Man,,,,,,,,,,,,,Action
Game Boy,The Amazing Spider-Man 2,,,,,,,,,,,,,Action
Game Boy,The Battle of Olympus,,,,,,,,,,,,,Adventure
Game Boy,The Blues Brothers,,,,,,,,,,,,,Jump & Run
Game Boy,"The Blues Brothers: 
Jukebox Adventure",,,,,,,,,,,,,Jump & Run
Game Boy,The Bugs Bunny Crazy Castle,,,,,,,,,,,,,Jump & Run
Game Boy,The Chessmaster,,,,,,,,,,,,,Sonstiges
Game Boy,The Fidgetts,,,,,,,,,,,,,Action
Game Boy,The Flash,,,,,,,,,,,,,Action
Game Boy,The Flintstones,,,,,,,,,,,,,Jump & Run
Game Boy,"The Flintstones: 
King Rock Treasure Island",,,,,,,,,,,,,Jump & Run
Game Boy,The Humans,,,,,,,,,,,,,Action
Game Boy,The Hunchback of Notre Dame,,,,,,,,,,,,,Action
Game Boy,The Hunt for Red October,,,,,,,,,,,,,Action
Game Boy,The Incredible Crash Dummies,,,,,,,,,,,,,Action
Game Boy,The Jetsons: Robot Panic,,,,,,,,,,,,,Action
Game Boy,The Jungle Book,,,,,,,,,,,,,Jump & Run
Game Boy,"The King of Fighters: 
Heat of Battle",,,,,,,,,,,,,Action
Game Boy,The King of Fighters'95,,,,,,,,,,,,,Action
Game Boy,The Lawnmower Man,,,,,,,,,,,,,Action
Game Boy,The Legend of Prince Valiant,,,,,,,,,,,,,Action
Game Boy,"The Legend of Zelda: 
Link's Awakening",,,,,,,,,,,,,Adventure
Game Boy,The Lion King,,,,,,,,,,,,,Jump & Run
Game Boy,The Little Mermaid,,,,,,,,,,,,,Action
Game Boy,The Lost World: Jurassic Park,,,,,,,,,,,,,Action
Game Boy,The Pagemaster,,,,,,,,,,,,,Action
Game Boy,The Ren & Stimpy Show: Veediots!,,,,,,,,,,,,,Action
Game Boy,"The Simpsons: 
Bart & the Beanstalk",,,,,,,,,,,,,Jump & Run
Game Boy,"The Simpsons: 
Bart vs. The Juggernauts",,,,,,,,,,,,,Jump & Run
Game Boy,"The Simpsons: Itchy & Scratchy 
in Miniature Golf Madness",,,,,,,,,,,,,Sport
Game Boy,The Smurfs,,,,,,,,,,,,,Jump & Run
Game Boy,"The Smurfs 2: 
The Smurfs Travel The World",,,,,,,,,,,,,Jump & Run
Game Boy,"The Smurfs 3: 
The Smurfs' Nightmare",,,,,,,,,,,,,Jump & Run
Game Boy,"The Spirit of F-1
(US: World Circuit Series)",,,,,,,,,,,,,Action
Game Boy,The Sword of Hope,,,,,,,,,,,,,Sonstiges
Game Boy,Tintin in Tibet,,,,,,,,,,,,,Action
Game Boy,Tintin: Prisoners of the Sun,,,,,,,,,,,,,Action
Game Boy,"Tiny Toon Adventures 2: 
Montana's Movie Madness",,,,,,,,,,,,,Jump & Run
Game Boy,"Tiny Toon Adventures: 
Babs' Big Break",,,,,,,,,,,,,Jump & Run
Game Boy,"Tiny Toon Adventures: 
Wacky Sports",,,,,,,,,,,,,Jump & Run
Game Boy,Tip Off,,,,,,,,,,,,,Action
Game Boy,Titus the Fox,,,,,,,,,,,,,Action
Game Boy,Tom & Jerry,,,,,,,,,,,,,Jump & Run
Game Boy,Tom & Jerry 2: The Movie,,,,,,,,,,,,,Jump & Run
Game Boy,Tom & Jerry Frantic Antics,,,,,,,,,,,,,Jump & Run
Game Boy,Top Gun: Guts and Glory,,,,,,,,,,,,,Shooter
Game Boy,Top Ranking Tennis,,,,,,,,,,,,,Sport
Game Boy,Total Carnage,,,,,,,,,,,,,Action
Game Boy,Toy Story,,,,,,,,,,,,,Action
Game Boy,Track & Field,,,,,,,,,,,,,Sport
Game Boy,Track Meet,,,,,,,,,,,,,Sport
Game Boy,Trax,,,,,,,,,,,,,Action
Game Boy,Trip World,,,,,,,,,,,,,Action
Game Boy,True Lies,,,,,,,,,,,,,Action
Game Boy,Tumble Pop,,,,,,,,,,,,,Action
Game Boy,Turok: Battle of the Bionosaurs,,,,,,,,,,,,,Action
Game Boy,Turrican,,,,,,,,,,,,,Action
Game Boy,Un Indien Dans La Ville,,,,,,,,,,,,,Action
Game Boy,Universal Soldier,,,,,,,,,,,,,Action
Game Boy,Urban Strike,,,,,,,,,,,,,Action
Game Boy,Vegas Stakes,,,,,,,,,,,,,Action
Game Boy,V-Rally: Championship Edition,,,,,,,,,,,,,Rennspiel
Game Boy,"Wario Blast: 
Featuring Bomberman!",,,,,,,,,,,,,Action
Game Boy,Wario Land II,,,,,,,,,,,,,Jump & Run
Game Boy,Waterworld,,,,,,,,,,,,,Action
Game Boy,Wave Race,,,,,,,,,,,,,Action
Game Boy,WCW Wrestling: The Main Event,,,,,,,,,,,,,Sport
Game Boy,Who Framed Roger Rabbit,,,,,,,,,,,,,Action
Game Boy,Winter Gold,,,,,,,,,,,,,Action
Game Boy,"Wizards & Warriors X: 
The Fortress of Fear",,,,,,,,,,,,,Action
Game Boy,World Beach Volley: 1992 GB Cup,,,,,,,,,,,,,Action
Game Boy,World Cup 98,,,,,,,,,,,,,Sport
Game Boy,World Cup USA 94,,,,,,,,,,,,,Sport
Game Boy,World Heroes 2 Jet,,,,,,,,,,,,,Prügelspiel
Game Boy,Worms,,,,,,,,,,,,,Action
Game Boy,WWF King of the Ring,,,,,,,,,,,,,Action
Game Boy,WWF Raw,,,,,,,,,,,,,Action
Game Boy,WWF Superstars,,,,,,,,,,,,,Action
Game Boy,WWF Superstars 2,,,,,,,,,,,,,Action
Game Boy,WWF War Zone,,,,,,,,,,,,,Action
Game Boy,Xenon 2 Megablast,,,,,,,,,,,,,Action
Game Boy,Yannick Noah Tennis,,,,,,,,,,,,,Sport
Game Boy,Yogi Bear in Yogi Bear's Goldrush,,,,,,,,,,,,,Action
Game Boy,Yoshi's Cookie,,,,,,,,,,,,,Puzzle
Game Boy,Zen: Intergalactic Ninja,,,,,,,,,,,,,Action
Game Boy,Zool: Ninja of the Nth Dimension,,,,,,,,,,,,,Jump & Run
Game Boy,Zoop,,,,,,,,,,,,,Puzzle
Mega Drive,XDR: X-Dazedly-Ray,01.06.2026,0h36m,JA,5,6,8,4,7,"5,68","6,44","6,31",https://youtu.be/FCWMa7f8SCY?si=l2BdymFXf7ogfWMk&t=15325,Shooter
Mega Drive,The Adventures of Batman & Robin,,,,,,,,,,,,,Action
Mega Drive,Air Diver,,,,,,,,,,,,,Shooter
Mega Drive,Alex Kidd in the Enchanted Castle,,,,,,,,,,,,,Jump & Run
Mega Drive,Alien Soldier,,,,,,,,,,,,,Shooter
Mega Drive,Alisia Dragoon,,,,,,,,,,,,,Action
Mega Drive,Arrow Flash,,,,,,,,,,,,,Shooter
Mega Drive,Art Alive!,,,,,,,,,,,,,Sonstiges
Mega Drive,Asterix and the Great Rescue,,,,,,,,,,,,,Jump & Run
Mega Drive,Asterix and the Power of the Gods,,,,,,,,,,,,,Jump & Run
Mega Drive,ATP Tour Championship Tennis,,,,,,,,,,,,,Sport
Mega Drive,"Awesome Possum Kicks
Dr. Machino's Butt",,,,,,,,,,,,,Jump & Run
Mega Drive,Ayrton Senna's Super Monaco GP II,,,,,,,,,,,,,Rennspiel
Mega Drive,Ball Jacks,,,,,,,,,,,,,Puzzle
Mega Drive,Barkley Shut Up and Jam 2,,,,,,,,,,,,,Sport
Mega Drive,Barney's Hide & Seek Game,,,,,,,,,,,,,Sonstiges
Mega Drive,Batman,,,,,,,,,,,,,Action
Mega Drive,Batman Returns,,,,,,,,,,,,,Action
Mega Drive,Battle Squadron,,,,,,,,,,,,,Shooter
Mega Drive,Beyond Oasis / The Story of Thor,,,,,,,,,,,,,Adventure
Mega Drive,Bill Walsh College Football '95,,,,,,,,,,,,,Sport
Mega Drive,Bimini Run,,,,,,,,,,,,,Rennspiel
Mega Drive,Bio-Hazard Battle / Crying,,,,,,,,,,,,,Shooter
Mega Drive,Blades of Vengeance,,,,,,,,,,,,,Action
Mega Drive,Blaster Master 2,,,,,,,,,,,,,Shooter
Mega Drive,Body Count,,,,,,,,,,,,,Shooter
Mega Drive,Bonkers,,,,,,,,,,,,,Jump & Run
Mega Drive,"Bulls vs Lakers
and the NBA Playoffs",,,,,,,,,,,,,Sport
Mega Drive,"Castle of Illusion
starring Mickey Mouse",,,,,,,,,,,,,Jump & Run
Mega Drive,"Castlevania: Bloodlines
The New Generation",,,,,,,,,,,,,Action
Mega Drive,Chakan: The Forever Man,,,,,,,,,,,,,Action
Mega Drive,Coach K College Basketball,,,,,,,,,,,,,Sport
Mega Drive,College Football USA 96,,,,,,,,,,,,,Sport
Mega Drive,"College Football's National
Championship",,,,,,,,,,,,,Sport
Mega Drive,"College Football's National
Championship II",,,,,,,,,,,,,Sport
Mega Drive,Columns,,,,,,,,,,,,,Puzzle
Mega Drive,Columns III: Revenge of Columns,,,,,,,,,,,,,Puzzle
Mega Drive,Combat Cars,,,,,,,,,,,,,Rennspiel
Mega Drive,Comix Zone,,,,,,,,,,,,,Prügelspiel
Mega Drive,Contra: Hard Corps / Probotector,,,,,,,,,,,,,Shooter
Mega Drive,Crusader of Centy / Soleil,,,,,,,,,,,,,RPG
Mega Drive,Crystal's Pony Tale,,,,,,,,,,,,,Sonstiges
Mega Drive,Crüe Ball,,,,,,,,,,,,,Sonstiges
Mega Drive,David Robinson's Supreme Court,,,,,,,,,,,,,Sport
Mega Drive,Decap Attack,,,,,,,,,,,,,Jump & Run
Mega Drive,Desert Demolition,,,,,,,,,,,,,Jump & Run
Mega Drive,"Dick Vitale's ""Awesome, Baby!""
College Hoops",,,,,,,,,,,,,Sport
Mega Drive,Disney's Aladdin,,,,,,,,,,,,,Jump & Run
Mega Drive,DJ Boy,,,,,,,,,,,,,Prügelspiel
Mega Drive,Double Dribble: The Playoff Edition,,,,,,,,,,,,,Sport
Mega Drive,Dr. Robotnik's Mean Bean Machine,,,,,,,,,,,,,Puzzle
Mega Drive,Dragon's Revenge,,,,,,,,,,,,,Sonstiges
Mega Drive,"Dungeons & Dragons:
Warriors of the Eternal Sun",,,,,,,,,,,,,RPG
Mega Drive,Dynamite Headdy,,,,,,,,,,,,,Jump & Run
Mega Drive,Ecco Jr.,,,,,,,,,,,,,Adventure
Mega Drive,Elemental Master,,,,,,,,,,,,,Shooter
Mega Drive,ESWAT: City Under Siege,,,,,,,,,,,,,Action
Mega Drive,Eternal Champions,,,,,,,,,,,,,Prügelspiel
Mega Drive,European Club Soccer,,,,,,,,,,,,,Sport
Mega Drive,Exosquad,,,,,,,,,,,,,Action
Mega Drive,F-117 Night Storm,,,,,,,,,,,,,Shooter
Mega Drive,F-22 Interceptor,,,,,,,,,,,,,Shooter
Mega Drive,Fantasia,,,,,,,,,,,,,Jump & Run
Mega Drive,Fatal Labyrinth,,,,,,,,,,,,,RPG
Mega Drive,FIFA Soccer 95,,,,,,,,,,,,,Sport
Mega Drive,Fighting Masters,,,,,,,,,,,,,Prügelspiel
Mega Drive,Flicky,,,,,,,,,,,,,Action
Mega Drive,The Flintstones,,,,,,,,,,,,,Jump & Run
Mega Drive,Gaiares,,,,,,,,,,,,,Shooter
Mega Drive,Gain Ground,,,,,,,,,,,,,Action
Mega Drive,Gargoyles,,,,,,,,,,,,,Action
Mega Drive,Generations Lost,,,,,,,,,,,,,Action
Mega Drive,Ghostbusters,,,,,,,,,,,,,Action
Mega Drive,Ghouls'n Ghosts,,,,,,,,,,,,,Jump & Run
Mega Drive,Golden Axe II,,,,,,,,,,,,,Prügelspiel
Mega Drive,Golden Axe III,,,,,,,,,,,,,Prügelspiel
Mega Drive,Goofy's Hysterical History Tour,,,,,,,,,,,,,Jump & Run
Mega Drive,Granada,,,,,,,,,,,,,Shooter
Mega Drive,Greatest Heavyweights,,,,,,,,,,,,,Sport
Mega Drive,Gunstar Heroes,,,,,,,,,,,,,Shooter
Mega Drive,Herzog Zwei,,,,,,,,,,,,,Strategie
Mega Drive,High Seas Havoc / Capt'n Havoc,,,,,,,,,,,,,Jump & Run
Mega Drive,IMG International Tour Tennis,,,,,,,,,,,,,Sport
Mega Drive,"Instruments of Chaos
starring Young Indiana Jones",,,,,,,,,,,,,Action
Mega Drive,Jennifer Capriati Tennis,,,,,,,,,,,,,Sport
Mega Drive,Jewel Master,,,,,,,,,,,,,Action
Mega Drive,John Madden Football '92,,,,,,,,,,,,,Sport
Mega Drive,Jurassic Park,,,,,,,,,,,,,Adventure
Mega Drive,Jurassic Park: Rampage Edition,,,,,,,,,,,,,Action
Mega Drive,Kid Chameleon,,,,,,,,,,,,,Jump & Run
Mega Drive,King Salmon,,,,,,,,,,,,,Sport
Mega Drive,Last Battle,,,,,,,,,,,,,Action
Mega Drive,Light Crusader,,,,,,,,,,,,,Adventure
Mega Drive,Lightening Force/Thunder Force IV,,,,,,,,,,,,,Shooter
Mega Drive,The Lost World: Jurassic Park,,,,,,,,,,,,,Action
Mega Drive,M.U.S.H.A.,,,,,,,,,,,,,Shooter
Mega Drive,Mario Andretti Racing,,,,,,,,,,,,,Rennspiel
Mega Drive,Marsupilami,,,,,,,,,,,,,Jump & Run
Mega Drive,Mazin Saga: Mutant Fighter,,,,,,,,,,,,,Prügelspiel
Mega Drive,McDonald's Treasure Land Adventure,,,,,,,,,,,,,Jump & Run
Mega Drive,Michael Jackson's Moonwalker,,,,,,,,,,,,,Action
Mega Drive,MiG-29: Fighter Pilot,,,,,,,,,,,,,Shooter
Mega Drive,Mutant League Football,,,,,,,,,,,,,Sport
Mega Drive,Mutant League Hockey,,,,,,,,,,,,,Sport
Mega Drive,Mystic Defender,,,,,,,,,,,,,Action
Mega Drive,Mystical Fighter,,,,,,,,,,,,,Prügelspiel
Mega Drive,NBA Action '95,,,,,,,,,,,,,Sport
Mega Drive,NFL '98,,,,,,,,,,,,,Sport
Mega Drive,"NFL Football '94
starring Joe Montana",,,,,,,,,,,,,Sport
Mega Drive,"NFL Sports Talk Football '93
starring Joe Montana",,,,,,,,,,,,,Sport
Mega Drive,NHL All-Star Hockey '95,,,,,,,,,,,,,Sport
Mega Drive,NHL Hockey,,,,,,,,,,,,,Sport
Mega Drive,The Ooze,,,,,,,,,,,,,Action
Mega Drive,Outback Joey,,,,,,,,,,,,,Sonstiges
Mega Drive,OutRun 2019,,,,,,,,,,,,,Rennspiel
Mega Drive,Pat Riley Basketball,,,,,,,,,,,,,Sport
Mega Drive,Pelé II: World Tournament Soccer,,,,,,,,,,,,,Sport
Mega Drive,Pelé!,,,,,,,,,,,,,Sport
Mega Drive,Phantasy Star II,,,,,,,,,,,,,RPG
Mega Drive,"Phantasy Star III:
Generations of Doom",,,,,,,,,,,,,RPG
Mega Drive,"Phantasy Star IV:
The End of the Millennium",,,,,,,,,,,,,RPG
Mega Drive,Prime Time NFL,,,,,,,,,,,,,Sport
Mega Drive,Pro Moves Soccer,,,,,,,,,,,,,Sport
Mega Drive,QuackShot starring Donald Duck,,,,,,,,,,,,,Jump & Run
Mega Drive,Ranger X / Ex-Ranza,,,,,,,,,,,,,Action
Mega Drive,Red Zone,,,,,,,,,,,,,Shooter
Mega Drive,The Revenge of Shinobi,,,,,,,,,,,,,Action
Mega Drive,Rings of Power,,,,,,,,,,,,,RPG
Mega Drive,Ristar,,,,,,,,,,,,,Jump & Run
Mega Drive,Road Rash 3,,,,,,,,,,,,,Rennspiel
Mega Drive,Rocket Knight Adventures,,,,,,,,,,,,,Jump & Run
Mega Drive,Rolo to the Rescue,,,,,,,,,,,,,Jump & Run
Mega Drive,Sampras Tennis 96,,,,,,,,,,,,,Sport
Mega Drive,Sesame Street: Counting Cafe,,,,,,,,,,,,,Sonstiges
Mega Drive,"Shadow Dancer:
The Secret of Shinobi",,,,,,,,,,,,,Action
Mega Drive,Shadowrun,,,,,,,,,,,,,RPG
Mega Drive,Shining Force,,,,,,,,,,,,,Strategie
Mega Drive,Shining Force II,,,,,,,,,,,,,Strategie
Mega Drive,Shining in the Darkness,,,,,,,,,,,,,RPG
Mega Drive,"Shinobi III:
Return of the Ninja Master",,,,,,,,,,,,,Action
Mega Drive,Shove It! The Warehouse Game,,,,,,,,,,,,,Puzzle
Mega Drive,Skitchin',,,,,,,,,,,,,Rennspiel
Mega Drive,Socket / Time Dominator,,,,,,,,,,,,,Jump & Run
Mega Drive,Sonic & Knuckles,,,,,,,,,,,,,Jump & Run
Mega Drive,Sonic the Hedgehog,,,,,,,,,,,,,Jump & Run
Mega Drive,Sonic the Hedgehog 2,,,,,,,,,,,,,Jump & Run
Mega Drive,Sonic the Hedgehog 3,,,,,,,,,,,,,Jump & Run
Mega Drive,Sonic Spinball,,,,,,,,,,,,,Sonstiges
Mega Drive,Sorcerer's Kingdom,,,,,,,,,,,,,RPG
Mega Drive,"Sparkster:
Rocket Knight Adventures 2",,,,,,,,,,,,,Jump & Run
Mega Drive,Splatterhouse 3,,,,,,,,,,,,,Action
Mega Drive,Sports Talk Baseball,,,,,,,,,,,,,Sport
Mega Drive,Steel Empire / Koutetsu Teikoku,,,,,,,,,,,,,Shooter
Mega Drive,Streets of Rage,,,,,,,,,,,,,Prügelspiel
Mega Drive,Streets of Rage 2,,,,,,,,,,,,,Prügelspiel
Mega Drive,Streets of Rage 3,,,,,,,,,,,,,Prügelspiel
Mega Drive,Strider,,,,,,,,,,,,,Action
Mega Drive,Sub-Terrania,,,,,,,,,,,,,Shooter
Mega Drive,Super Fantasy Zone,,,,,,,,,,,,,Shooter
Mega Drive,Super Hang-On,,,,,,,,,,,,,Rennspiel
Mega Drive,Super Monaco GP,,,,,,,,,,,,,Rennspiel
Mega Drive,Sword of Vermilion,,,,,,,,,,,,,RPG
Mega Drive,"Sylvester and Tweety
in Cagey Capers",,,,,,,,,,,,,Jump & Run
Mega Drive,Team USA Basketball,,,,,,,,,,,,,Sport
Mega Drive,Technoclash,,,,,,,,,,,,,Action
Mega Drive,Tecmo Super Hockey,,,,,,,,,,,,,Sport
Mega Drive,Thunder Force II,,,,,,,,,,,,,Shooter
Mega Drive,Thunder Force III,,,,,,,,,,,,,Shooter
Mega Drive,"Tiny Toon Adventures:
ACME All-Stars",,,,,,,,,,,,,Sport
Mega Drive,"Tiny Toon Adventures:
Buster's Hidden Treasure",,,,,,,,,,,,,Jump & Run
Mega Drive,TNN Outdoors Bass Tournament '96,,,,,,,,,,,,,Sport
Mega Drive,ToeJam & Earl,,,,,,,,,,,,,Adventure
Mega Drive,"ToeJam & Earl in
Panic on Funkotron",,,,,,,,,,,,,Jump & Run
Mega Drive,Trampoline Terror!,,,,,,,,,,,,,Puzzle
Mega Drive,Traysia,,,,,,,,,,,,,RPG
Mega Drive,Triple Play Baseball '96,,,,,,,,,,,,,Sport
Mega Drive,Trouble Shooter,,,,,,,,,,,,,Shooter
Mega Drive,Vectorman,,,,,,,,,,,,,Action
Mega Drive,Vectorman 2,,,,,,,,,,,,,Action
Mega Drive,Virtua Racing,,,,,,,,,,,,,Rennspiel
Mega Drive,Virtual Pinball,,,,,,,,,,,,,Sonstiges
Mega Drive,Warrior of Rome,,,,,,,,,,,,,Strategie
Mega Drive,Warrior of Rome II,,,,,,,,,,,,,Strategie
Mega Drive,Whip Rush,,,,,,,,,,,,,Shooter
Mega Drive,Wonder Boy in Monster World,,,,,,,,,,,,,Adventure
Mega Drive,World Championship Soccer 2,,,,,,,,,,,,,Sport
Mega Drive,"World of Illusion starring
Mickey Mouse and Donald Duck",,,,,,,,,,,,,Jump & Run
Mega Drive,X-Men,,,,,,,,,,,,,Action
Mega Drive,X-Men 2: Clone Wars,,,,,,,,,,,,,Action
Mega Drive,X-Perts,,,,,,,,,,,,,Prügelspiel
Mega Drive,Zero Tolerance,,,,,,,,,,,,,Shooter
Master System,"Desert Speedtrap starring
Road Runner and Wile E. Coyote",01.06.2026,0h11m,JA,4,5,3,4,3,"3,80","3,67","3,69",https://youtu.be/FCWMa7f8SCY?si=cBv3ySJEmMPGBA6r&t=17474,Jump & Run
Master System,Ace of Aces,,,,,,,,,,,,,Shooter
Master System,Action Fighter,,,,,,,,,,,,,Rennspiel
Master System,Aerial Assault,,,,,,,,,,,,,Shooter
Master System,Air Rescue,,,,,,,,,,,,,Action
Master System,Aladdin,,,,,,,,,,,,,Jump & Run
Master System,Alex Kidd in Miracle World,,,,,,,,,,,,,Jump & Run
Master System,Alex Kidd in Shinobi World,,,,,,,,,,,,,Jump & Run
Master System,Alex Kidd: High-Tech World,,,,,,,,,,,,,Adventure
Master System,Alex Kidd: The Lost Stars,,,,,,,,,,,,,Jump & Run
Master System,ALF,,,,,,,,,,,,,Adventure
Master System,Alien 3,,,,,,,,,,,,,Action
Master System,Alien Storm,,,,,,,,,,,,,Action
Master System,Alien Syndrome,,,,,,,,,,,,,Action
Master System,Arcade Smash Hits,,,,,,,,,,,,,Sonstiges
Master System,Assault City,,,,,,,,,,,,,Shooter
Master System,Asterix,,,,,,,,,,,,,Jump & Run
Master System,Asterix and the Great Rescue,,,,,,,,,,,,,Jump & Run
Master System,Asterix and the Secret Mission,,,,,,,,,,,,,Jump & Run
Master System,Astro Warrior,,,,,,,,,,,,,Shooter
Master System,Ayrton Senna's Super Monaco GP II,,,,,,,,,,,,,Rennspiel
Master System,Aztec Adventure,,,,,,,,,,,,,Adventure
Master System,Bank Panic,,,,,,,,,,,,,Shooter
Master System,Basketball Nightmare,,,,,,,,,,,,,Sport
Master System,Batman Returns,,,,,,,,,,,,,Action
Master System,Battle Out Run,,,,,,,,,,,,,Rennspiel
Master System,Black Belt,,,,,,,,,,,,,Prügelspiel
Master System,Blade Eagle 3-D,,,,,,,,,,,,,Shooter
Master System,Bomber Raid,,,,,,,,,,,,,Shooter
Master System,Bonanza Bros.,,,,,,,,,,,,,Action
Master System,Bonkers Wax Up!,,,,,,,,,,,,,Jump & Run
Master System,Buggy Run,,,,,,,,,,,,,Rennspiel
Master System,Casino Games,,,,,,,,,,,,,Sonstiges
Master System,Champions of Europe,,,,,,,,,,,,,Sport
Master System,Championship Hockey,,,,,,,,,,,,,Sport
Master System,"Cheese Cat-Astrophe starring
Speedy Gonzales",,,,,,,,,,,,,Jump & Run
Master System,Choplifter,,,,,,,,,,,,,Shooter
Master System,Chuck Rock,,,,,,,,,,,,,Jump & Run
Master System,Columns,,,,,,,,,,,,,Puzzle
Master System,Cool Spot,,,,,,,,,,,,,Jump & Run
Master System,Cosmic Spacehead,,,,,,,,,,,,,Adventure
Master System,The Cyber Shinobi,,,,,,,,,,,,,Action
Master System,Cyborg Hunter,,,,,,,,,,,,,Action
Master System,Danan: The Jungle Fighter,,,,,,,,,,,,,Action
Master System,Dead Angle,,,,,,,,,,,,,Shooter
Master System,"Deep Duck Trouble starring
Donald Duck",,,,,,,,,,,,,Jump & Run
Master System,Dick Tracy,,,,,,,,,,,,,Action
Master System,Double Dragon,,,,,,,,,,,,,Prügelspiel
Master System,Double Hawk,,,,,,,,,,,,,Shooter
Master System,Dr. Robotnik's Mean Bean Machine,,,,,,,,,,,,,Puzzle
Master System,Dragon: The Bruce Lee Story,,,,,,,,,,,,,Prügelspiel
Master System,Dynamite Düx,,,,,,,,,,,,,Action
Master System,E-SWAT,,,,,,,,,,,,,Action
Master System,Ecco the Dolphin,,,,,,,,,,,,,Adventure
Master System,Enduro Racer,,,,,,,,,,,,,Rennspiel
Master System,F-16 Fighting Falcon,,,,,,,,,,,,,Shooter
Master System,F1,,,,,,,,,,,,,Rennspiel
Master System,Fire & Forget II,,,,,,,,,,,,,Shooter
Master System,Forgotten Worlds,,,,,,,,,,,,,Shooter
Master System,G-LOC Air Battle,,,,,,,,,,,,,Shooter
Master System,Gain Ground,,,,,,,,,,,,,Strategie
Master System,Galaxy Force,,,,,,,,,,,,,Shooter
Master System,Gangster Town,,,,,,,,,,,,,Shooter
Master System,Ghost House,,,,,,,,,,,,,Action
Master System,Ghouls'n Ghosts,,,,,,,,,,,,,Action
Master System,Global Defense,,,,,,,,,,,,,Shooter
Master System,Global Gladiators,,,,,,,,,,,,,Jump & Run
Master System,Golden Axe,,,,,,,,,,,,,Action
Master System,Golden Axe Warrior,,,,,,,,,,,,,RPG
Master System,Golfamania,,,,,,,,,,,,,Sport
Master System,Golvellius: Valley of Doom,,,,,,,,,,,,,RPG
Master System,GP Rider,,,,,,,,,,,,,Rennspiel
Master System,Great Baseball,,,,,,,,,,,,,Sport
Master System,Great Basketball,,,,,,,,,,,,,Sport
Master System,Great Football,,,,,,,,,,,,,Sport
Master System,Great Golf,,,,,,,,,,,,,Sport
Master System,Great Ice Hockey,,,,,,,,,,,,,Sport
Master System,Great Soccer,,,,,,,,,,,,,Sport
Master System,Great Volleyball,,,,,,,,,,,,,Sport
Master System,Hang-On,,,,,,,,,,,,,Rennspiel
Master System,Hang-On / Safari Hunt,,,,,,,,,,,,,Sonstiges
Master System,Heavyweight Champ,,,,,,,,,,,,,Sport
Master System,The Incredible Hulk,,,,,,,,,,,,,Action
Master System,James Bond 007: The Duel,,,,,,,,,,,,,Action
Master System,Joe Montana Football,,,,,,,,,,,,,Sport
Master System,The Jungle Book,,,,,,,,,,,,,Jump & Run
Master System,Jurassic Park,,,,,,,,,,,,,Action
Master System,Kenseiden,,,,,,,,,,,,,Action
Master System,King's Quest: Quest for the Crown,,,,,,,,,,,,,Adventure
Master System,"Land of Illusion starring
Mickey Mouse",,,,,,,,,,,,,Jump & Run
Master System,Laser Ghost,,,,,,,,,,,,,Shooter
Master System,"Legend of Illusion starring
Mickey Mouse",,,,,,,,,,,,,Jump & Run
Master System,Line of Fire,,,,,,,,,,,,,Shooter
Master System,Lord of the Sword,,,,,,,,,,,,,Adventure
Master System,"The Lucky Dime Caper starring
Donald Duck",,,,,,,,,,,,,Jump & Run
Master System,Marksman Shooting / Trap Shooting,,,,,,,,,,,,,Shooter
Master System,Master of Darkness,,,,,,,,,,,,,Action
Master System,Masters of Combat,,,,,,,,,,,,,Prügelspiel
Master System,Maze Hunter 3-D,,,,,,,,,,,,,Action
Master System,Michael Jackson's Moonwalker,,,,,,,,,,,,,Action
Master System,Mickey's Ultimate Challenge,,,,,,,,,,,,,Puzzle
Master System,Mortal Kombat,,,,,,,,,,,,,Prügelspiel
Master System,Mortal Kombat II,,,,,,,,,,,,,Prügelspiel
Master System,Ninja Gaiden,,,,,,,,,,,,,Action
Master System,Olympic Gold,,,,,,,,,,,,,Sport
Master System,The Ottifants,,,,,,,,,,,,,Jump & Run
Master System,Out Run,,,,,,,,,,,,,Rennspiel
Master System,Out Run Europa,,,,,,,,,,,,,Rennspiel
Master System,OutRun 3-D,,,,,,,,,,,,,Rennspiel
Master System,Paperboy,,,,,,,,,,,,,Action
Master System,Parlour Games,,,,,,,,,,,,,Sonstiges
Master System,Penguin Land,,,,,,,,,,,,,Puzzle
Master System,PGA Tour Golf,,,,,,,,,,,,,Sport
Master System,Phantasy Star,,,,,,,,,,,,,RPG
Master System,Pit Pot,,,,,,,,,,,,,Puzzle
Master System,Pit-Fighter,,,,,,,,,,,,,Prügelspiel
Master System,Poseidon Wars 3-D,,,,,,,,,,,,,Shooter
Master System,Power Strike,,,,,,,,,,,,,Shooter
Master System,Power Strike II,,,,,,,,,,,,,Shooter
Master System,Predator 2,,,,,,,,,,,,,Action
Master System,Pro Wrestling,,,,,,,,,,,,,Sport
Master System,Psychic World,,,,,,,,,,,,,Action
Master System,Psycho Fox,,,,,,,,,,,,,Jump & Run
Master System,Putt & Putter,,,,,,,,,,,,,Puzzle
Master System,Quartet,,,,,,,,,,,,,Action
Master System,R-Type,,,,,,,,,,,,,Shooter
Master System,R.C. Grand Prix,,,,,,,,,,,,,Rennspiel
Master System,Rambo III,,,,,,,,,,,,,Shooter
Master System,"Rambo: First Blood Part II
Secret Command",,,,,,,,,,,,,Action
Master System,Rastan,,,,,,,,,,,,,Action
Master System,Reggie Jackson Baseball,,,,,,,,,,,,,Sport
Master System,Rescue Mission,,,,,,,,,,,,,Shooter
Master System,Road Rash,,,,,,,,,,,,,Rennspiel
Master System,Robocop vs. Terminator,,,,,,,,,,,,,Action
Master System,Rocky,,,,,,,,,,,,,Sport
Master System,Sagaia,,,,,,,,,,,,,Shooter
Master System,Scramble Spirits,,,,,,,,,,,,,Shooter
Master System,Sega Chess,,,,,,,,,,,,,Strategie
Master System,Sega World Tournament Golf,,,,,,,,,,,,,Sport
Master System,Sensible Soccer,,,,,,,,,,,,,Sport
Master System,Shadow Dancer,,,,,,,,,,,,,Action
Master System,Shadow of the Beast,,,,,,,,,,,,,Action
Master System,Shooting Gallery,,,,,,,,,,,,,Shooter
Master System,Slap Shot,,,,,,,,,,,,,Sport
Master System,The Smurfs,,,,,,,,,,,,,Jump & Run
Master System,The Smurfs Travel the World,,,,,,,,,,,,,Jump & Run
Master System,Snail Maze,,,,,,,,,,,,,Puzzle
Master System,Sonic Chaos,,,,,,,,,,,,,Jump & Run
Master System,Sonic the Hedgehog,,,,,,,,,,,,,Jump & Run
Master System,Sonic the Hedgehog 2,,,,,,,,,,,,,Jump & Run
Master System,Sonic Spinball,,,,,,,,,,,,,Puzzle
Master System,Space Gun,,,,,,,,,,,,,Shooter
Master System,Space Harrier 3-D,,,,,,,,,,,,,Shooter
Master System,Special Criminal Investigation,,,,,,,,,,,,,Rennspiel
Master System,Speedball,,,,,,,,,,,,,Sport
Master System,Speedball 2,,,,,,,,,,,,,Sport
Master System,SpellCaster,,,,,,,,,,,,,Adventure
Master System,Streets of Rage,,,,,,,,,,,,,Action
Master System,Streets of Rage II,,,,,,,,,,,,,Action
Master System,Strider,,,,,,,,,,,,,Action
Master System,Strider II,,,,,,,,,,,,,Action
Master System,Submarine Attack,,,,,,,,,,,,,Shooter
Master System,Summer Games,,,,,,,,,,,,,Sport
Master System,Super Kick Off,,,,,,,,,,,,,Sport
Master System,Super Monaco GP,,,,,,,,,,,,,Rennspiel
Master System,Super Space Invaders,,,,,,,,,,,,,Shooter
Master System,Super Tennis,,,,,,,,,,,,,Sport
Master System,Taz in Escape from Mars,,,,,,,,,,,,,Jump & Run
Master System,Teddy Boy,,,,,,,,,,,,,Action
Master System,Tennis Ace,,,,,,,,,,,,,Sport
Master System,The Terminator,,,,,,,,,,,,,Action
Master System,Thunder Blade,,,,,,,,,,,,,Shooter
Master System,Time Soldiers,,,,,,,,,,,,,Shooter
Master System,TransBot,,,,,,,,,,,,,Shooter
Master System,Ultimate Soccer,,,,,,,,,,,,,Sport
Master System,Vigilante,,,,,,,,,,,,,Action
Master System,Wanted,,,,,,,,,,,,,Shooter
Master System,Wimbledon,,,,,,,,,,,,,Sport
Master System,Wimbledon II,,,,,,,,,,,,,Sport
Master System,Winter Olympics,,,,,,,,,,,,,Sport
Master System,Wolfchild,,,,,,,,,,,,,Action
Master System,Wonder Boy III: The Dragon's Trap,,,,,,,,,,,,,Adventure
Master System,Wonder Boy in Monster World,,,,,,,,,,,,,Adventure
Master System,World Class Leader Board,,,,,,,,,,,,,Sport
Master System,World Cup Italia '90,,,,,,,,,,,,,Sport
Master System,World Grand Prix,,,,,,,,,,,,,Rennspiel
Master System,World Soccer,,,,,,,,,,,,,Sport
Master System,Xenon 2: Megablast,,,,,,,,,,,,,Shooter
Master System,Zaxxon 3-D,,,,,,,,,,,,,Shooter
Master System,Zillion,,,,,,,,,,,,,Adventure
Master System,Zillion II: The Tri Formation,,,,,,,,,,,,,Action
Master System,Zool,,,,,,,,,,,,,Jump & Run
N64,Star Fox 64 / Lylat Wars,26.06.2026,0h49m,NEIN,8,8,10,3,8,"8,41","8,22","8,26",https://www.youtube.com/live/ELGgzEkcTQs?si=G33n-BDs-uvSdIqG&t=1823,Shooter
N64,Super Mario 64,26.06.2026,1h40m,NEIN,8,10,10,7,9,"8,94","9,11","9,08",https://www.youtube.com/live/ELGgzEkcTQs?si=fSNuJymgRWelOuPg&t=9926,Jump & Run
N64,Diddy Kong Racing,13.07.2026,2h43m,NEIN,7,7,10,7,10,"9,01","8,67","8,73",https://www.youtube.com/live/6Tir4Oh3xCQ?si=AjvxAvaD1haa1rLe&t=1726,Rennspiel
N64,007: The World Is Not Enough,,,,,,,,,,,,,Shooter
N64,1080° Snowboarding,,,,,,,,,,,,,Sport
N64,Aero Fighters Assault,,,,,,,,,,,,,Shooter
N64,AeroGauge,,,,,,,,,,,,,Rennspiel
N64,Aidyn Chronicles: The First Mage,,,,,,,,,,,,,RPG
N64,Air Boarder 64,,,,,,,,,,,,,Sport
N64,All-Star Baseball '99,,,,,,,,,,,,,Sport
N64,All-Star Baseball 2000,,,,,,,,,,,,,Sport
N64,All-Star Baseball 2001,,,,,,,,,,,,,Sport
N64,Automobili Lamborghini,,,,,,,,,,,,,Rennspiel
N64,Banjo-Kazooie,,,,,,,,,,,,,Jump & Run
N64,Banjo-Tooie,,,,,,,,,,,,,Jump & Run
N64,Bass Hunter 64,,,,,,,,,,,,,Sport
N64,Bass Masters 2000,,,,,,,,,,,,,Sport
N64,BattleTanx,,,,,,,,,,,,,Action
N64,BattleTanx: Global Assault,,,,,,,,,,,,,Action
N64,Battlezone: Rise of the Black Dogs,,,,,,,,,,,,,Strategie
N64,Beetle Adventure Racing!,,,,,,,,,,,,,Rennspiel
N64,Big Mountain 2000,,,,,,,,,,,,,Sport
N64,Blast Corps,,,,,,,,,,,,,Action
N64,Blues Brothers 2000,,,,,,,,,,,,,Jump & Run
N64,Bomberman 64,,,,,,,,,,,,,Action
N64,Bomberman 64: The Second Attack!,,,,,,,,,,,,,Action
N64,Bomberman Hero,,,,,,,,,,,,,Jump & Run
N64,Body Harvest,,,,,,,,,,,,,Action
N64,Buck Bumble,,,,,,,,,,,,,Action
N64,California Speed,,,,,,,,,,,,,Rennspiel
N64,Carmageddon 64,,,,,,,,,,,,,Rennspiel
N64,Castlevania,,,,,,,,,,,,,Adventure
N64,Castlevania: Legacy of Darkness,,,,,,,,,,,,,Adventure
N64,Chameleon Twist,,,,,,,,,,,,,Jump & Run
N64,Chameleon Twist 2,,,,,,,,,,,,,Jump & Run
N64,Charlie Blast's Territory,,,,,,,,,,,,,Puzzle
N64,Chopper Attack,,,,,,,,,,,,,Shooter
N64,Conker's Bad Fur Day,,,,,,,,,,,,,Jump & Run
N64,Cruis'n Exotica,,,,,,,,,,,,,Rennspiel
N64,Cruis'n USA,,,,,,,,,,,,,Rennspiel
N64,Cruis'n World,,,,,,,,,,,,,Rennspiel
N64,Daikatana,,,,,,,,,,,,,Shooter
N64,Destruction Derby 64,,,,,,,,,,,,,Rennspiel
N64,Donkey Kong 64,,,,,,,,,,,,,Jump & Run
N64,Doom 64,,,,,,,,,,,,,Shooter
N64,Dr. Mario 64,,,,,,,,,,,,,Puzzle
N64,Duke Nukem 64,,,,,,,,,,,,,Shooter
N64,Duke Nukem: Zero Hour,,,,,,,,,,,,,Shooter
N64,Duck Dodgers Starring Daffy Duck,,,,,,,,,,,,,Jump & Run
N64,Earthworm Jim 3D,,,,,,,,,,,,,Jump & Run
N64,Excitebike 64,,,,,,,,,,,,,Rennspiel
N64,Extreme-G,,,,,,,,,,,,,Rennspiel
N64,Extreme-G 2,,,,,,,,,,,,,Rennspiel
N64,F-1 World Grand Prix,,,,,,,,,,,,,Rennspiel
N64,F-1 World Grand Prix II,,,,,,,,,,,,,Rennspiel
N64,F-Zero X,,,,,,,,,,,,,Rennspiel
N64,Fighter Destiny 2,,,,,,,,,,,,,Prügelspiel
N64,Fighters Destiny,,,,,,,,,,,,,Prügelspiel
N64,Flying Dragon,,,,,,,,,,,,,Prügelspiel
N64,Fox Sports College Hoops '99,,,,,,,,,,,,,Sport
N64,Gauntlet Legends,,,,,,,,,,,,,Action
N64,Glover,,,,,,,,,,,,,Jump & Run
N64,GoldenEye 007,,,,,,,,,,,,,Shooter
N64,GT 64: Championship Edition,,,,,,,,,,,,,Rennspiel
N64,Harvest Moon 64,,,,,,,,,,,,,RPG
N64,Hercules: The Legendary Journeys,,,,,,,,,,,,,Action
N64,"Hey You, Pikachu!",,,,,,,,,,,,,Sonstiges
N64,Hybrid Heaven,,,,,,,,,,,,,Action
N64,Iggy's Reckin' Balls,,,,,,,,,,,,,Jump & Run
N64,"Indiana Jones and
the Infernal Machine",,,,,,,,,,,,,Adventure
N64,International Superstar Soccer 64,,,,,,,,,,,,,Sport
N64,International Superstar Soccer 98,,,,,,,,,,,,,Sport
N64,International Superstar Soccer 2000,,,,,,,,,,,,,Sport
N64,Jeopardy!,,,,,,,,,,,,,Sonstiges
N64,Jet Force Gemini,,,,,,,,,,,,,Shooter
N64,Ken Griffey Jr.'s Slugfest,,,,,,,,,,,,,Sport
N64,Killer Instinct Gold,,,,,,,,,,,,,Prügelspiel
N64,Kirby 64: The Crystal Shards,,,,,,,,,,,,,Jump & Run
N64,Knife Edge: Nose Gunner,,,,,,,,,,,,,Shooter
N64,Kobe Bryant in NBA Courtside,,,,,,,,,,,,,Sport
N64,Kobe Bryant in NBA Courtside 2,,,,,,,,,,,,,Sport
N64,"The Legend of Zelda:
Majora's Mask",,,,,,,,,,,,,Adventure
N64,"The Legend of Zelda:
Ocarina of Time",,,,,,,,,,,,,Adventure
N64,Lode Runner 3-D,,,,,,,,,,,,,Puzzle
N64,Mace: The Dark Age,,,,,,,,,,,,,Prügelspiel
N64,Magical Tetris Challenge,,,,,,,,,,,,,Puzzle
N64,Mario Golf,,,,,,,,,,,,,Sport
N64,Mario Kart 64,,,,,,,,,,,,,Rennspiel
N64,Mario Party,,,,,,,,,,,,,Sonstiges
N64,Mario Party 2,,,,,,,,,,,,,Sonstiges
N64,Mario Party 3,,,,,,,,,,,,,Sonstiges
N64,Mario Tennis,,,,,,,,,,,,,Sport
N64,Mia Hamm Soccer 64,,,,,,,,,,,,,Sport
N64,"Michael Owen's WLS 2000
(US: Mia Hamm Soccer 64)",,,,,,,,,,,,,Sport
N64,Mickey's Speedway USA,,,,,,,,,,,,,Rennspiel
N64,Milo's Astro Lanes,,,,,,,,,,,,,Sport
N64,Mischief Makers,,,,,,,,,,,,,Jump & Run
N64,Monopoly,,,,,,,,,,,,,Sonstiges
N64,Monster Truck Madness 64,,,,,,,,,,,,,Rennspiel
N64,Multi-Racing Championship,,,,,,,,,,,,,Rennspiel
N64,Mystical Ninja Starring Goemon,,,,,,,,,,,,,Adventure
N64,Mystical Ninja 2 Starring Goemon,,,,,,,,,,,,,Jump & Run
N64,"NBA Courtside 2
featuring Kobe Bryant",,,,,,,,,,,,,Sport
N64,NFL Quarterback Club 98,,,,,,,,,,,,,Sport
N64,NFL Quarterback Club 99,,,,,,,,,,,,,Sport
N64,NFL Quarterback Club 2000,,,,,,,,,,,,,Sport
N64,NFL Quarterback Club 2001,,,,,,,,,,,,,Sport
N64,NHL Breakaway 98,,,,,,,,,,,,,Sport
N64,NHL Breakaway 99,,,,,,,,,,,,,Sport
N64,Off Road Challenge,,,,,,,,,,,,,Rennspiel
N64,"Ogre Battle 64:
Person of Lordly Caliber",,,,,,,,,,,,,Strategie
N64,Paper Mario,,,,,,,,,,,,,RPG
N64,Perfect Dark,,,,,,,,,,,,,Shooter
N64,"Penny Racers
(US: Choro Q 64)",,,,,,,,,,,,,Rennspiel
N64,Pilotwings 64,,,,,,,,,,,,,Sonstiges
N64,Pokémon Puzzle League,,,,,,,,,,,,,Puzzle
N64,Pokémon Snap,,,,,,,,,,,,,Adventure
N64,Pokémon Stadium,,,,,,,,,,,,,Sonstiges
N64,Pokémon Stadium 2,,,,,,,,,,,,,Sonstiges
N64,Premier Manager 64,,,,,,,,,,,,,Strategie
N64,Quake,,,,,,,,,,,,,Shooter
N64,Quake II,,,,,,,,,,,,,Shooter
N64,Quest 64 / Holy Magic Century,,,,,,,,,,,,,RPG
N64,Rakuga Kids,,,,,,,,,,,,,Prügelspiel
N64,Ridge Racer 64,,,,,,,,,,,,,Rennspiel
N64,Road Rash 64,,,,,,,,,,,,,Rennspiel
N64,Rocket: Robot on Wheels,,,,,,,,,,,,,Jump & Run
N64,San Francisco Rush 2049,,,,,,,,,,,,,Rennspiel
N64,"San Francisco Rush:
Extreme Racing",,,,,,,,,,,,,Rennspiel
N64,Rush 2: Extreme Racing USA,,,,,,,,,,,,,Rennspiel
N64,Scooby-Doo! Classic Creep Capers,,,,,,,,,,,,,Adventure
N64,"Shadowgate 64:
Trials of the Four Towers",,,,,,,,,,,,,Adventure
N64,Snowboard Kids,,,,,,,,,,,,,Sport
N64,Snowboard Kids 2,,,,,,,,,,,,,Sport
N64,Space Station Silicon Valley,,,,,,,,,,,,,Adventure
N64,Star Soldier: Vanishing Earth,,,,,,,,,,,,,Shooter
N64,"Star Wars Episode I:
Battle for Naboo",,,,,,,,,,,,,Shooter
N64,Star Wars Episode I: Racer,,,,,,,,,,,,,Rennspiel
N64,Star Wars: Rogue Squadron,,,,,,,,,,,,,Shooter
N64,Star Wars: Shadows of the Empire,,,,,,,,,,,,,Shooter
N64,StarCraft 64,,,,,,,,,,,,,Strategie
N64,Stunt Racer 64,,,,,,,,,,,,,Rennspiel
N64,Super Bowling,,,,,,,,,,,,,Sport
N64,Super Smash Bros.,,,,,,,,,,,,,Prügelspiel
N64,Superman,,,,,,,,,,,,,Action
N64,Tetrisphere,,,,,,,,,,,,,Puzzle
N64,Tom and Jerry in Fists of Furry,,,,,,,,,,,,,Prügelspiel
N64,Top Gear Hyper-Bike,,,,,,,,,,,,,Rennspiel
N64,Top Gear Overdrive,,,,,,,,,,,,,Rennspiel
N64,Top Gear Rally,,,,,,,,,,,,,Rennspiel
N64,Top Gear Rally 2,,,,,,,,,,,,,Rennspiel
N64,Turok: Dinosaur Hunter,,,,,,,,,,,,,Shooter
N64,Turok 2: Seeds of Evil,,,,,,,,,,,,,Shooter
N64,Turok 3: Shadow of Oblivion,,,,,,,,,,,,,Shooter
N64,Turok: Rage Wars,,,,,,,,,,,,,Shooter
N64,"Twisted Edge Extreme
Snowboarding",,,,,,,,,,,,,Sport
N64,Virtual Chess 64,,,,,,,,,,,,,Strategie
N64,"Waialae Country Club:
True Golf Classics",,,,,,,,,,,,,Sport
N64,Wave Race 64,,,,,,,,,,,,,Rennspiel
N64,WCW vs. nWo: World Tour,,,,,,,,,,,,,Sport
N64,WCW/nWo Revenge,,,,,,,,,,,,,Sport
N64,Wetrix,,,,,,,,,,,,,Puzzle
N64,Wheel of Fortune,,,,,,,,,,,,,Sonstiges
N64,WinBack: Covert Operations,,,,,,,,,,,,,Action
N64,Wipeout 64,,,,,,,,,,,,,Rennspiel
N64,World Driver Championship,,,,,,,,,,,,,Rennspiel
N64,WWF No Mercy,,,,,,,,,,,,,Sport
N64,WWF WrestleMania 2000,,,,,,,,,,,,,Sport
N64,Yoshi's Story,,,,,,,,,,,,,Jump & Run
PS1,Castlevania: Symphony of the Night,29.07.2026,12h31m,NEIN,8,10,9,3,9,"8,55","9,00","8,92",,Shooter